super_iri,super_label,sub_iri,sub_label,o1,o2,category,
http://purl.obolibrary.org/obo/HP_0010193,Duplication of distal phalanx of toe,http://purl.obolibrary.org/obo/HP_0100407,Complete duplication of the distal phalanx of the 3rd toe,hp.owl,hp_no_uberon.owl,o_not_o2,
http://purl.obolibrary.org/obo/HP_0000271,Abnormality of the face,http://purl.obolibrary.org/obo/HP_0000264,Abnormality of the mastoid,hp.owl,hp_no_uberon.owl,o_not_o2,
http://purl.obolibrary.org/obo/HP_0005922,Abnormal hand morphology,http://purl.obolibrary.org/obo/HP_0006191,Deep palmar crease,hp.owl,hp_no_uberon.owl,o_not_o2,
http://purl.obolibrary.org/obo/HP_0002763,Abnormal cartilage morphology,http://purl.obolibrary.org/obo/HP_0002945,Intervertebral space narrowing,hp.owl,hp_no_uberon.owl,o_not_o2,
http://purl.obolibrary.org/obo/HP_0008788,Delayed pubic bone ossification,http://purl.obolibrary.org/obo/HP_0008785,Delayed ossification of pubic rami,hp.owl,hp_no_uberon.owl,o_not_o2,
http://purl.obolibrary.org/obo/HP_0031816,Abnormal oral morphology,http://purl.obolibrary.org/obo/HP_0000347,Micrognathia,hp.owl,hp_no_uberon.owl,o_not_o2,
http://purl.obolibrary.org/obo/HP_0002648,Abnormality of calvarial morphology,http://purl.obolibrary.org/obo/HP_0010752,Cleft mandible,hp.owl,hp_no_uberon.owl,o_not_o2,
http://purl.obolibrary.org/obo/HP_0009816,Lower limb undergrowth,http://purl.obolibrary.org/obo/HP_0008802,Hypoplasia of the femoral head,hp.owl,hp_no_uberon.owl,o_not_o2,
http://purl.obolibrary.org/obo/HP_0009823,Aplasia involving bones of the upper limbs,http://purl.obolibrary.org/obo/HP_0004253,Absent trapezium,hp.owl,hp_no_uberon.owl,o_not_o2,
http://purl.obolibrary.org/obo/HP_0009816,Lower limb undergrowth,http://purl.obolibrary.org/obo/HP_0008801,Hypoplasia of the lesser trochanter,hp.owl,hp_no_uberon.owl,o_not_o2,
http://purl.obolibrary.org/obo/HP_0410007,Abnormality of cartilage morphology,http://purl.obolibrary.org/obo/HP_0008419,Intervertebral disc degeneration,hp.owl,hp_no_uberon.owl,o_not_o2,
http://purl.obolibrary.org/obo/HP_0006762,Renal pelvic carcinoma,http://purl.obolibrary.org/obo/HP_0006766,Papillary renal cell carcinoma,hp.owl,hp_no_uberon.owl,o_not_o2,
http://purl.obolibrary.org/obo/HP_0007366,Atrophy/Degeneration affecting the brainstem,http://purl.obolibrary.org/obo/HP_0030286,Atrophic superior cerebellar peduncle,hp.owl,hp_no_uberon.owl,o_not_o2,
http://purl.obolibrary.org/obo/HP_0003891,Abnormality of the humeral epiphysis,http://purl.obolibrary.org/obo/HP_0003887,Abnormality of the humeral heads,hp.owl,hp_no_uberon.owl,o_not_o2,
http://purl.obolibrary.org/obo/HP_0045008,Abnormal shape of the radius,http://purl.obolibrary.org/obo/HP_0004018,Flared radial metaphysis,hp.owl,hp_no_uberon.owl,o_not_o2,
http://purl.obolibrary.org/obo/HP_0010193,Duplication of distal phalanx of toe,http://purl.obolibrary.org/obo/HP_0100409,Complete duplication of the distal phalanx of the 5th toe,hp.owl,hp_no_uberon.owl,o_not_o2,
http://purl.obolibrary.org/obo/HP_0010193,Duplication of distal phalanx of toe,http://purl.obolibrary.org/obo/HP_0100408,Complete duplication of the distal phalanx of the 4th toe,hp.owl,hp_no_uberon.owl,o_not_o2,
http://purl.obolibrary.org/obo/HP_0008952,Shoulder muscle hypoplasia,http://purl.obolibrary.org/obo/HP_0008953,Pectoralis major hypoplasia,hp.owl,hp_no_uberon.owl,o_not_o2,
http://purl.obolibrary.org/obo/HP_0008952,Shoulder muscle hypoplasia,http://purl.obolibrary.org/obo/HP_0100855,Triceps hypoplasia,hp.owl,hp_no_uberon.owl,o_not_o2,
http://purl.obolibrary.org/obo/HP_0031816,Abnormal oral morphology,http://purl.obolibrary.org/obo/HP_0400000,Tall chin,hp.owl,hp_no_uberon.owl,o_not_o2,
http://purl.obolibrary.org/obo/HP_0005922,Abnormal hand morphology,http://purl.obolibrary.org/obo/HP_0006184,Decreased palmar creases,hp.owl,hp_no_uberon.owl,o_not_o2,
http://purl.obolibrary.org/obo/HP_0004398,Peptic ulcer,http://purl.obolibrary.org/obo/HP_0005229,Jejunoileal ulceration,hp.owl,hp_no_uberon.owl,o_not_o2,
http://purl.obolibrary.org/obo/HP_0007340,Lower limb muscle weakness,http://purl.obolibrary.org/obo/HP_0002601,Paresis of extensor muscles of the big toe,hp.owl,hp_no_uberon.owl,o_not_o2,
http://purl.obolibrary.org/obo/HP_0010585,Small epiphyses,http://purl.obolibrary.org/obo/HP_0010157,Small epiphysis of the 1st metatarsal,hp.owl,hp_no_uberon.owl,o_not_o2,
http://purl.obolibrary.org/obo/HP_0000271,Abnormality of the face,http://purl.obolibrary.org/obo/HP_0002679,Abnormality of the sella turcica,hp.owl,hp_no_uberon.owl,o_not_o2,
http://purl.obolibrary.org/obo/HP_0025033,Abnormality of digestive system morphology,http://purl.obolibrary.org/obo/HP_0030812,Enlarged tonsils,hp.owl,hp_no_uberon.owl,o_not_o2,
http://purl.obolibrary.org/obo/HP_0009853,Bullet-shaped proximal phalanges of the hand,http://purl.obolibrary.org/obo/HP_0009631,Bullet-shaped proximal phalanx of the thumb,hp.owl,hp_no_uberon.owl,o_not_o2,
http://purl.obolibrary.org/obo/HP_0100037,Abnormality of the scalp hair,http://purl.obolibrary.org/obo/HP_0007840,Long upper eyelashes,hp.owl,hp_no_uberon.owl,o_not_o2,
http://purl.obolibrary.org/obo/HP_0045008,Abnormal shape of the radius,http://purl.obolibrary.org/obo/HP_0004023,Sloping radial metaphysis,hp.owl,hp_no_uberon.owl,o_not_o2,
http://purl.obolibrary.org/obo/HP_0011957,Abnormality of the pectoral muscle,http://purl.obolibrary.org/obo/HP_0005258,Pectoral muscle hypoplasia/aplasia,hp.owl,hp_no_uberon.owl,o_not_o2,
http://purl.obolibrary.org/obo/HP_0005262,Abnormality of the synovia,http://purl.obolibrary.org/obo/HP_0009537,Flexion contracture of the 2nd finger,hp.owl,hp_no_uberon.owl,o_not_o2,
http://purl.obolibrary.org/obo/HP_0011121,Abnormality of skin morphology,http://purl.obolibrary.org/obo/HP_0000065,Labial hypertrophy,hp.owl,hp_no_uberon.owl,o_not_o2,
http://purl.obolibrary.org/obo/HP_0011121,Abnormality of skin morphology,http://purl.obolibrary.org/obo/HP_0000066,Labial hypoplasia,hp.owl,hp_no_uberon.owl,o_not_o2,
http://purl.obolibrary.org/obo/HP_0009826,Limb undergrowth,http://purl.obolibrary.org/obo/HP_0006657,Hypoplasia of first ribs,hp.owl,hp_no_uberon.owl,o_not_o2,
http://purl.obolibrary.org/obo/HP_0005917,Supernumerary metacarpal bones,http://purl.obolibrary.org/obo/HP_0009615,Complete duplication of the first metacarpal,hp.owl,hp_no_uberon.owl,o_not_o2,
http://purl.obolibrary.org/obo/HP_0002209,Sparse scalp hair,http://purl.obolibrary.org/obo/HP_0040050,Sparse upper eyelashes,hp.owl,hp_no_uberon.owl,o_not_o2,
http://purl.obolibrary.org/obo/HP_0011338,Abnormality of mouth shape,http://purl.obolibrary.org/obo/HP_0000319,Smooth philtrum,hp.owl,hp_no_uberon.owl,o_not_o2,
http://purl.obolibrary.org/obo/HP_0000359,Abnormality of the inner ear,http://purl.obolibrary.org/obo/HP_0011508,Macular hole,hp.owl,hp_no_uberon.owl,o_not_o2,
http://purl.obolibrary.org/obo/HP_0010209,Symphalangism affecting the proximal phalanges of the toes,http://purl.obolibrary.org/obo/HP_0010401,Symphalangism affecting the proximal phalanx of the 2nd toe,hp.owl,hp_no_uberon.owl,o_not_o2,
http://purl.obolibrary.org/obo/HP_0009856,Patchy sclerosis of proximal phalanx of finger,http://purl.obolibrary.org/obo/HP_0009634,Patchy sclerosis of the proximal phalanx of the thumb,hp.owl,hp_no_uberon.owl,o_not_o2,
http://purl.obolibrary.org/obo/HP_0005262,Abnormality of the synovia,http://purl.obolibrary.org/obo/HP_0010754,Abnormality of the temporomandibular joint,hp.owl,hp_no_uberon.owl,o_not_o2,
http://purl.obolibrary.org/obo/HP_0430000,Abnormality of the frontal bone,http://purl.obolibrary.org/obo/HP_0004438,Hyperostosis frontalis interna,hp.owl,hp_no_uberon.owl,o_not_o2,
http://purl.obolibrary.org/obo/HP_0003549,Abnormality of connective tissue,http://purl.obolibrary.org/obo/HP_3000034,Abnormality of cartilage of nasal septum,hp.owl,hp_no_uberon.owl,o_not_o2,
http://purl.obolibrary.org/obo/HP_0002754,Osteomyelitis,http://purl.obolibrary.org/obo/HP_0040165,Periostitis,hp.owl,hp_no_uberon.owl,o_not_o2,
http://purl.obolibrary.org/obo/HP_0011805,Abnormal muscle morphology,http://purl.obolibrary.org/obo/HP_0004690,Thickened Achilles tendon,hp.owl,hp_no_uberon.owl,o_not_o2,
http://purl.obolibrary.org/obo/HP_0002648,Abnormality of calvarial morphology,http://purl.obolibrary.org/obo/HP_0040011,Flat posterior fossa,hp.owl,hp_no_uberon.owl,o_not_o2,
http://purl.obolibrary.org/obo/HP_0031816,Abnormal oral morphology,http://purl.obolibrary.org/obo/HP_0000331,Short chin,hp.owl,hp_no_uberon.owl,o_not_o2,
http://purl.obolibrary.org/obo/HP_0005916,Abnormal metacarpal morphology,http://purl.obolibrary.org/obo/HP_0009616,Bifid first metacarpal,hp.owl,hp_no_uberon.owl,o_not_o2,
http://purl.obolibrary.org/obo/HP_0011338,Abnormality of mouth shape,http://purl.obolibrary.org/obo/HP_0000307,Pointed chin,hp.owl,hp_no_uberon.owl,o_not_o2,
http://purl.obolibrary.org/obo/HP_0011338,Abnormality of mouth shape,http://purl.obolibrary.org/obo/HP_0011323,Cleft of chin,hp.owl,hp_no_uberon.owl,o_not_o2,
http://purl.obolibrary.org/obo/HP_0009851,Aplasia/Hypoplasia of the proximal phalanges of the hand,http://purl.obolibrary.org/obo/HP_0009300,Aplasia/Hypoplasia of the proximal phalanx of the 4th finger,hp.owl,hp_no_uberon.owl,o_not_o2,
http://purl.obolibrary.org/obo/HP_0000069,Abnormality of the ureter,http://purl.obolibrary.org/obo/HP_0011130,Abnormality of renal calyx morphology,hp.owl,hp_no_uberon.owl,o_not_o2,
http://purl.obolibrary.org/obo/HP_0010342,Abnormality of the phalanges of the 5th toe,http://purl.obolibrary.org/obo/HP_0010392,Abnormality of the distal phalanx of the 5th toe,hp.owl,hp_no_uberon.owl,o_not_o2,
http://purl.obolibrary.org/obo/HP_0011121,Abnormality of skin morphology,http://purl.obolibrary.org/obo/HP_0000063,Fused labia minora,hp.owl,hp_no_uberon.owl,o_not_o2,
http://purl.obolibrary.org/obo/HP_0045008,Abnormal shape of the radius,http://purl.obolibrary.org/obo/HP_0004000,Cone-shaped distal radial epiphysis,hp.owl,hp_no_uberon.owl,o_not_o2,
http://purl.obolibrary.org/obo/HP_0003549,Abnormality of connective tissue,http://purl.obolibrary.org/obo/HP_0003905,Abnormality of the humeral epiphyseal plate,hp.owl,hp_no_uberon.owl,o_not_o2,
http://purl.obolibrary.org/obo/HP_0045008,Abnormal shape of the radius,http://purl.obolibrary.org/obo/HP_0004002,Flattened radial epiphyses,hp.owl,hp_no_uberon.owl,o_not_o2,
http://purl.obolibrary.org/obo/HP_0000326,Abnormality of the maxilla,http://purl.obolibrary.org/obo/HP_0430023,Abnormality of the maxillary sinus,hp.owl,hp_no_uberon.owl,o_not_o2,
http://purl.obolibrary.org/obo/HP_0045008,Abnormal shape of the radius,http://purl.obolibrary.org/obo/HP_0004006,Round radial epiphyses,hp.owl,hp_no_uberon.owl,o_not_o2,
http://purl.obolibrary.org/obo/HP_0006503,Aplasia/hypoplasia involving forearm bones,http://purl.obolibrary.org/obo/HP_0003997,Hypoplastic radial head,hp.owl,hp_no_uberon.owl,o_not_o2,
http://purl.obolibrary.org/obo/HP_0045008,Abnormal shape of the radius,http://purl.obolibrary.org/obo/HP_0004008,Sloping radial epiphyses,hp.owl,hp_no_uberon.owl,o_not_o2,
http://purl.obolibrary.org/obo/HP_0000234,Abnormality of the head,http://purl.obolibrary.org/obo/HP_0040172,Abnormality of occipitofrontalis muscle,hp.owl,hp_no_uberon.owl,o_not_o2,
http://purl.obolibrary.org/obo/HP_0040073,Abnormal forearm bone morphology,http://purl.obolibrary.org/obo/HP_0004010,Small radial epiphyses,hp.owl,hp_no_uberon.owl,o_not_o2,
http://purl.obolibrary.org/obo/HP_0005262,Abnormality of the synovia,http://purl.obolibrary.org/obo/HP_0100781,Abnormality of the sacroiliac joint,hp.owl,hp_no_uberon.owl,o_not_o2,
http://purl.obolibrary.org/obo/HP_0011314,Abnormality of long bone morphology,http://purl.obolibrary.org/obo/HP_0010069,Bullet-shaped 1st metatarsal,hp.owl,hp_no_uberon.owl,o_not_o2,
http://purl.obolibrary.org/obo/HP_0010630,Abnormality of metatarsal epiphysis,http://purl.obolibrary.org/obo/HP_0010125,Abnormality of the epiphysis of the 1st metatarsal,hp.owl,hp_no_uberon.owl,o_not_o2,
http://purl.obolibrary.org/obo/HP_0009851,Aplasia/Hypoplasia of the proximal phalanges of the hand,http://purl.obolibrary.org/obo/HP_0009457,Aplasia/Hypoplasia of the proximal phalanx of the 3rd finger,hp.owl,hp_no_uberon.owl,o_not_o2,
http://purl.obolibrary.org/obo/HP_0009823,Aplasia involving bones of the upper limbs,http://purl.obolibrary.org/obo/HP_0006106,Absent trapezoid bone,hp.owl,hp_no_uberon.owl,o_not_o2,
http://purl.obolibrary.org/obo/HP_0100500,Fibular deviation of toes,http://purl.obolibrary.org/obo/HP_0001822,Hallux valgus,hp.owl,hp_no_uberon.owl,o_not_o2,
http://purl.obolibrary.org/obo/HP_0002692,Hypoplastic facial bones,http://purl.obolibrary.org/obo/HP_0000347,Micrognathia,hp.owl,hp_no_uberon.owl,o_not_o2,
http://purl.obolibrary.org/obo/HP_0005927,Aplasia/hypoplasia involving bones of the hand,http://purl.obolibrary.org/obo/HP_0006106,Absent trapezoid bone,hp.owl,hp_no_uberon.owl,o_not_o2,
http://purl.obolibrary.org/obo/HP_0012842,Skin appendage neoplasm,http://purl.obolibrary.org/obo/HP_0040097,Neoplasm of the ceruminal gland,hp.owl,hp_no_uberon.owl,o_not_o2,
http://purl.obolibrary.org/obo/HP_0009816,Lower limb undergrowth,http://purl.obolibrary.org/obo/HP_0003274,Hypoplastic acetabulae,hp.owl,hp_no_uberon.owl,o_not_o2,
http://purl.obolibrary.org/obo/HP_0010210,Triangular shaped proximal phalanges of the toes,http://purl.obolibrary.org/obo/HP_0010092,Triangular shaped proximal phalanx of the hallux,hp.owl,hp_no_uberon.owl,o_not_o2,
http://purl.obolibrary.org/obo/HP_0009851,Aplasia/Hypoplasia of the proximal phalanges of the hand,http://purl.obolibrary.org/obo/HP_0009580,Aplasia/Hypoplasia of the proximal phalanx of the 2nd finger,hp.owl,hp_no_uberon.owl,o_not_o2,
http://purl.obolibrary.org/obo/HP_0040290,Abnormality of skeletal muscles,http://purl.obolibrary.org/obo/HP_0005109,Abnormality of the Achilles tendon,hp.owl,hp_no_uberon.owl,o_not_o2,
http://purl.obolibrary.org/obo/HP_0011842,Abnormality of skeletal morphology,http://purl.obolibrary.org/obo/HP_0001763,Pes planus,hp.owl,hp_no_uberon.owl,o_not_o2,
http://purl.obolibrary.org/obo/HP_0002060,Abnormality of the cerebrum,http://purl.obolibrary.org/obo/HP_0025057,Abnormality of olfactory lobe morphology,hp.owl,hp_no_uberon.owl,o_not_o2,
http://purl.obolibrary.org/obo/HP_0011842,Abnormality of skeletal morphology,http://purl.obolibrary.org/obo/HP_0001761,Pes cavus,hp.owl,hp_no_uberon.owl,o_not_o2,
http://purl.obolibrary.org/obo/HP_0040073,Abnormal forearm bone morphology,http://purl.obolibrary.org/obo/HP_0004005,Large radial epiphyses,hp.owl,hp_no_uberon.owl,o_not_o2,
http://purl.obolibrary.org/obo/HP_0002648,Abnormality of calvarial morphology,http://purl.obolibrary.org/obo/HP_0006339,Conical mandibular incisor,hp.owl,hp_no_uberon.owl,o_not_o2,
http://purl.obolibrary.org/obo/HP_0010579,Cone-shaped epiphysis,http://purl.obolibrary.org/obo/HP_0010151,Cone-shaped epiphysis of the 1st metatarsal,hp.owl,hp_no_uberon.owl,o_not_o2,
http://purl.obolibrary.org/obo/HP_0000277,Abnormality of the mandible,http://purl.obolibrary.org/obo/HP_0009100,Thick anterior alveolar ridges,hp.owl,hp_no_uberon.owl,o_not_o2,
http://purl.obolibrary.org/obo/HP_0007340,Lower limb muscle weakness,http://purl.obolibrary.org/obo/HP_0003731,Quadriceps muscle weakness,hp.owl,hp_no_uberon.owl,o_not_o2,
http://purl.obolibrary.org/obo/HP_0002363,Abnormality of brainstem morphology,http://purl.obolibrary.org/obo/HP_0002314,Degeneration of the lateral corticospinal tracts,hp.owl,hp_no_uberon.owl,o_not_o2,
http://purl.obolibrary.org/obo/HP_0001435,Abnormality of the shoulder girdle musculature,http://purl.obolibrary.org/obo/HP_0011957,Abnormality of the pectoral muscle,hp.owl,hp_no_uberon.owl,o_not_o2,
http://purl.obolibrary.org/obo/HP_0009817,Aplasia involving bones of the lower limbs,http://purl.obolibrary.org/obo/HP_0008817,Aplastic pubic bones,hp.owl,hp_no_uberon.owl,o_not_o2,
http://purl.obolibrary.org/obo/HP_0009544,Abnormality of the proximal phalanx of the 2nd finger,http://purl.obolibrary.org/obo/HP_0009488,Absent epiphyses of the 2nd finger,hp.owl,hp_no_uberon.owl,o_not_o2,
http://purl.obolibrary.org/obo/HP_0009826,Limb undergrowth,http://purl.obolibrary.org/obo/HP_0006668,Twelfth rib hypoplasia,hp.owl,hp_no_uberon.owl,o_not_o2,
http://purl.obolibrary.org/obo/HP_0003011,Abnormality of the musculature,http://purl.obolibrary.org/obo/HP_0030935,Abnormality of intestinal smooth muscle morphology,hp.owl,hp_no_uberon.owl,o_not_o2,
http://purl.obolibrary.org/obo/HP_0002060,Abnormality of the cerebrum,http://purl.obolibrary.org/obo/HP_0040327,Abnormal morphology of the olfactory bulb,hp.owl,hp_no_uberon.owl,o_not_o2,
http://purl.obolibrary.org/obo/HP_0000153,Abnormality of the mouth,http://purl.obolibrary.org/obo/HP_0000306,Abnormality of the chin,hp.owl,hp_no_uberon.owl,o_not_o2,
http://purl.obolibrary.org/obo/HP_0030870,Abnormality of spinal facet joint,http://purl.obolibrary.org/obo/HP_0004575,Fusion of midcervical facet joints,hp.owl,hp_no_uberon.owl,o_not_o2,
http://purl.obolibrary.org/obo/HP_3000036,Abnormality of head blood vessel,http://purl.obolibrary.org/obo/HP_0007968,Remnants of the hyaloid vascular system,hp.owl,hp_no_uberon.owl,o_not_o2,
http://purl.obolibrary.org/obo/HP_0011842,Abnormality of skeletal morphology,http://purl.obolibrary.org/obo/HP_0000420,Short nasal septum,hp.owl,hp_no_uberon.owl,o_not_o2,
http://purl.obolibrary.org/obo/HP_0010578,Bracket epiphyses,http://purl.obolibrary.org/obo/HP_0010150,Bracket epiphysis of the 1st metatarsal,hp.owl,hp_no_uberon.owl,o_not_o2,
http://purl.obolibrary.org/obo/HP_0001679,Abnormal aortic morphology,http://purl.obolibrary.org/obo/HP_0008776,Abnormal renal artery morphology,hp.owl,hp_no_uberon.owl,o_not_o2,
http://purl.obolibrary.org/obo/HP_0040066,Abnormal morphology of bones of the lower limbs,http://purl.obolibrary.org/obo/HP_0010069,Bullet-shaped 1st metatarsal,hp.owl,hp_no_uberon.owl,o_not_o2,
http://purl.obolibrary.org/obo/HP_0040290,Abnormality of skeletal muscles,http://purl.obolibrary.org/obo/HP_0003392,First dorsal interossei muscle weakness,hp.owl,hp_no_uberon.owl,o_not_o2,
http://purl.obolibrary.org/obo/HP_0010577,Absent epiphyses,http://purl.obolibrary.org/obo/HP_0010149,Absent epiphysis of the 1st metatarsal,hp.owl,hp_no_uberon.owl,o_not_o2,
http://purl.obolibrary.org/obo/HP_0009843,Aplasia/Hypoplasia of the middle phalanges of the hand,http://purl.obolibrary.org/obo/HP_0009437,Aplasia/Hypoplasia of the middle phalanx of the 3rd finger,hp.owl,hp_no_uberon.owl,o_not_o2,
http://purl.obolibrary.org/obo/HP_0011338,Abnormality of mouth shape,http://purl.obolibrary.org/obo/HP_0010289,Cleft of alveolar ridge of maxilla,hp.owl,hp_no_uberon.owl,o_not_o2,
http://purl.obolibrary.org/obo/HP_0003846,Wide epiphyseal plates of the upper limbs,http://purl.obolibrary.org/obo/HP_0004014,Broad radial epiphyseal plate,hp.owl,hp_no_uberon.owl,o_not_o2,
http://purl.obolibrary.org/obo/HP_0009816,Lower limb undergrowth,http://purl.obolibrary.org/obo/HP_0003175,Hypoplastic ischia,hp.owl,hp_no_uberon.owl,o_not_o2,
http://purl.obolibrary.org/obo/HP_0040066,Abnormal morphology of bones of the lower limbs,http://purl.obolibrary.org/obo/HP_0010070,Curved 1st metatarsal,hp.owl,hp_no_uberon.owl,o_not_o2,
http://purl.obolibrary.org/obo/HP_0002648,Abnormality of calvarial morphology,http://purl.obolibrary.org/obo/HP_0005463,Elongated sella turcica,hp.owl,hp_no_uberon.owl,o_not_o2,
http://purl.obolibrary.org/obo/HP_0000674,Anodontia,http://purl.obolibrary.org/obo/HP_0006485,Agenesis of incisor,hp.owl,hp_no_uberon.owl,o_not_o2,
http://purl.obolibrary.org/obo/HP_0005262,Abnormality of the synovia,http://purl.obolibrary.org/obo/HP_0009600,Flexion contracture of thumb,hp.owl,hp_no_uberon.owl,o_not_o2,
http://purl.obolibrary.org/obo/HP_0011911,Abnormality of metacarpophalangeal joint,http://purl.obolibrary.org/obo/HP_0009625,Contractures of the metacarpophalangeal joint of the thumb,hp.owl,hp_no_uberon.owl,o_not_o2,
http://purl.obolibrary.org/obo/HP_0004207,Abnormal 5th finger morphology,http://purl.obolibrary.org/obo/HP_0008398,Hypoplastic fifth fingernail,hp.owl,hp_no_uberon.owl,o_not_o2,
http://purl.obolibrary.org/obo/HP_0010656,Abnormal epiphyseal ossification,http://purl.obolibrary.org/obo/HP_0009107,Abnormal ossification involving the femoral head and neck,hp.owl,hp_no_uberon.owl,o_not_o2,
http://purl.obolibrary.org/obo/HP_0430000,Abnormality of the frontal bone,http://purl.obolibrary.org/obo/HP_0002056,Abnormality of the glabella,hp.owl,hp_no_uberon.owl,o_not_o2,
http://purl.obolibrary.org/obo/HP_0010336,Abnormality of the phalanges of the 4th toe,http://purl.obolibrary.org/obo/HP_0010381,Abnormality of the middle phalanx of the 4th toe,hp.owl,hp_no_uberon.owl,o_not_o2,
http://purl.obolibrary.org/obo/HP_0009816,Lower limb undergrowth,http://purl.obolibrary.org/obo/HP_0003173,Hypoplastic pubic bone,hp.owl,hp_no_uberon.owl,o_not_o2,
http://purl.obolibrary.org/obo/HP_0005927,Aplasia/hypoplasia involving bones of the hand,http://purl.obolibrary.org/obo/HP_0004253,Absent trapezium,hp.owl,hp_no_uberon.owl,o_not_o2,
http://purl.obolibrary.org/obo/HP_0003549,Abnormality of connective tissue,http://purl.obolibrary.org/obo/HP_0008441,Herniation of intervertebral nuclei,hp.owl,hp_no_uberon.owl,o_not_o2,
http://purl.obolibrary.org/obo/HP_0010587,Triangular epiphyses,http://purl.obolibrary.org/obo/HP_0010159,Triangular epiphysis of the 1st metatarsal,hp.owl,hp_no_uberon.owl,o_not_o2,
http://purl.obolibrary.org/obo/HP_0100593,Calcification of cartilage,http://purl.obolibrary.org/obo/HP_0005645,Intervertebral disk calcification,hp.owl,hp_no_uberon.owl,o_not_o2,
http://purl.obolibrary.org/obo/HP_0005922,Abnormal hand morphology,http://purl.obolibrary.org/obo/HP_0004188,Abnormal 4th finger morphology,hp.owl,hp_no_uberon.owl,o_not_o2,
http://purl.obolibrary.org/obo/HP_0001367,Abnormal joint morphology,http://purl.obolibrary.org/obo/HP_0002945,Intervertebral space narrowing,hp.owl,hp_no_uberon.owl,o_not_o2,
http://purl.obolibrary.org/obo/HP_0011314,Abnormality of long bone morphology,http://purl.obolibrary.org/obo/HP_0010028,Bullet-shaped 1st metacarpal,hp.owl,hp_no_uberon.owl,o_not_o2,
http://purl.obolibrary.org/obo/HP_0003690,Limb muscle weakness,http://purl.obolibrary.org/obo/HP_0003427,Thenar muscle weakness,hp.owl,hp_no_uberon.owl,o_not_o2,
http://purl.obolibrary.org/obo/HP_0003844,Small epiphyses of the upper limbs,http://purl.obolibrary.org/obo/HP_0004010,Small radial epiphyses,hp.owl,hp_no_uberon.owl,o_not_o2,
http://purl.obolibrary.org/obo/HP_0040290,Abnormality of skeletal muscles,http://purl.obolibrary.org/obo/HP_0011957,Abnormality of the pectoral muscle,hp.owl,hp_no_uberon.owl,o_not_o2,
http://purl.obolibrary.org/obo/HP_0010201,Triangular shaped middle phalanges of the toes,http://purl.obolibrary.org/obo/HP_0010411,Triangular shaped middle phalanx of the 2nd toe,hp.owl,hp_no_uberon.owl,o_not_o2,
http://purl.obolibrary.org/obo/HP_0005262,Abnormality of the synovia,http://purl.obolibrary.org/obo/HP_0100745,Abnormality of the humeroulnar joint,hp.owl,hp_no_uberon.owl,o_not_o2,
http://purl.obolibrary.org/obo/HP_0002152,Hyperproteinemia,http://purl.obolibrary.org/obo/HP_0003528,Elevated calcitonin,hp.owl,hp_no_uberon.owl,o_not_o2,
http://purl.obolibrary.org/obo/HP_0009835,Aplasia/Hypoplasia of the distal phalanges of the hand,http://purl.obolibrary.org/obo/HP_0009421,Aplasia/Hypoplasia of the distal phalanx of the 3rd finger,hp.owl,hp_no_uberon.owl,o_not_o2,
http://purl.obolibrary.org/obo/HP_0009824,Upper limb undergrowth,http://purl.obolibrary.org/obo/HP_0006386,Hypoplastic distal radial epiphyses,hp.owl,hp_no_uberon.owl,o_not_o2,
http://purl.obolibrary.org/obo/HP_0002209,Sparse scalp hair,http://purl.obolibrary.org/obo/HP_0007776,Sparse lower eyelashes,hp.owl,hp_no_uberon.owl,o_not_o2,
http://purl.obolibrary.org/obo/HP_0000479,Abnormal retinal morphology,http://purl.obolibrary.org/obo/HP_0007766,Optic disc hypoplasia,hp.owl,hp_no_uberon.owl,o_not_o2,
http://purl.obolibrary.org/obo/HP_0006450,Multicentric ossification of proximal femoral epiphyses,http://purl.obolibrary.org/obo/HP_0008835,Multicentric femoral head ossification,hp.owl,hp_no_uberon.owl,o_not_o2,
http://purl.obolibrary.org/obo/HP_0000944,Abnormality of the metaphysis,http://purl.obolibrary.org/obo/HP_0003846,Wide epiphyseal plates of the upper limbs,hp.owl,hp_no_uberon.owl,o_not_o2,
http://purl.obolibrary.org/obo/HP_0008828,Delayed proximal femoral epiphyseal ossification,http://purl.obolibrary.org/obo/HP_0008829,Delayed femoral head ossification,hp.owl,hp_no_uberon.owl,o_not_o2,
http://purl.obolibrary.org/obo/HP_0040073,Abnormal forearm bone morphology,http://purl.obolibrary.org/obo/HP_0005013,Dysplastic distal radial epiphyses,hp.owl,hp_no_uberon.owl,o_not_o2,
http://purl.obolibrary.org/obo/HP_0040073,Abnormal forearm bone morphology,http://purl.obolibrary.org/obo/HP_0004045,Sloping ulnar metaphysis,hp.owl,hp_no_uberon.owl,o_not_o2,
http://purl.obolibrary.org/obo/HP_0002763,Abnormal cartilage morphology,http://purl.obolibrary.org/obo/HP_0008419,Intervertebral disc degeneration,hp.owl,hp_no_uberon.owl,o_not_o2,
http://purl.obolibrary.org/obo/HP_0040073,Abnormal forearm bone morphology,http://purl.obolibrary.org/obo/HP_0004044,Pointed ulnar metaphysis,hp.owl,hp_no_uberon.owl,o_not_o2,
http://purl.obolibrary.org/obo/HP_0005922,Abnormal hand morphology,http://purl.obolibrary.org/obo/HP_0004283,Narrow palm,hp.owl,hp_no_uberon.owl,o_not_o2,
http://purl.obolibrary.org/obo/HP_0025015,Abnormal vascular morphology,http://purl.obolibrary.org/obo/HP_0011642,Abnormal coronary sinus morphology,hp.owl,hp_no_uberon.owl,o_not_o2,
http://purl.obolibrary.org/obo/HP_0001441,Abnormality of the musculature of the thigh,http://purl.obolibrary.org/obo/HP_0006366,Adductor longus contractures,hp.owl,hp_no_uberon.owl,o_not_o2,
http://purl.obolibrary.org/obo/HP_0010200,Symphalangism affecting the middle phalanges of the toes,http://purl.obolibrary.org/obo/HP_0010410,Symphalangism affecting the middle phalanx of the 2nd toe,hp.owl,hp_no_uberon.owl,o_not_o2,
http://purl.obolibrary.org/obo/HP_0009843,Aplasia/Hypoplasia of the middle phalanges of the hand,http://purl.obolibrary.org/obo/HP_0009568,Aplasia/Hypoplasia of the middle phalanx of the 2nd finger,hp.owl,hp_no_uberon.owl,o_not_o2,
http://purl.obolibrary.org/obo/HP_0004426,Abnormality of the cheek,http://purl.obolibrary.org/obo/HP_0010668,Abnormality of the zygomatic bone,hp.owl,hp_no_uberon.owl,o_not_o2,
http://purl.obolibrary.org/obo/HP_0010211,Duplication of proximal phalanx of toe,http://purl.obolibrary.org/obo/HP_0010422,Complete duplication of the proximal phalanx of the 2nd toe,hp.owl,hp_no_uberon.owl,o_not_o2,
http://purl.obolibrary.org/obo/HP_0010779,Large pelvis bone,http://purl.obolibrary.org/obo/HP_0100865,Broad ischia,hp.owl,hp_no_uberon.owl,o_not_o2,
http://purl.obolibrary.org/obo/HP_0002763,Abnormal cartilage morphology,http://purl.obolibrary.org/obo/HP_0030320,Increased intervertebral space,hp.owl,hp_no_uberon.owl,o_not_o2,
http://purl.obolibrary.org/obo/HP_0008994,Proximal muscle weakness in lower limbs,http://purl.obolibrary.org/obo/HP_0002601,Paresis of extensor muscles of the big toe,hp.owl,hp_no_uberon.owl,o_not_o2,
http://purl.obolibrary.org/obo/HP_0003549,Abnormality of connective tissue,http://purl.obolibrary.org/obo/HP_0000935,Thickened cortex of long bones,hp.owl,hp_no_uberon.owl,o_not_o2,
http://purl.obolibrary.org/obo/HP_0410007,Abnormality of cartilage morphology,http://purl.obolibrary.org/obo/HP_0002945,Intervertebral space narrowing,hp.owl,hp_no_uberon.owl,o_not_o2,
http://purl.obolibrary.org/obo/HP_0012290,Mouth neoplasm,http://purl.obolibrary.org/obo/HP_0100649,Neoplasm of the oral cavity,hp.owl,hp_no_uberon.owl,o_not_o2,
http://purl.obolibrary.org/obo/HP_0006499,Abnormality of femoral epiphysis,http://purl.obolibrary.org/obo/HP_0003368,Abnormality of the femoral head,hp.owl,hp_no_uberon.owl,o_not_o2,
http://purl.obolibrary.org/obo/HP_0040073,Abnormal forearm bone morphology,http://purl.obolibrary.org/obo/HP_0004036,Long styloid process of ulna,hp.owl,hp_no_uberon.owl,o_not_o2,
http://purl.obolibrary.org/obo/HP_0002656,Epiphyseal dysplasia,http://purl.obolibrary.org/obo/HP_0005013,Dysplastic distal radial epiphyses,hp.owl,hp_no_uberon.owl,o_not_o2,
http://purl.obolibrary.org/obo/HP_0011314,Abnormality of long bone morphology,http://purl.obolibrary.org/obo/HP_0100366,Short phalanx of the 3rd toe,hp.owl,hp_no_uberon.owl,o_not_o2,
http://purl.obolibrary.org/obo/HP_0040061,Osteosclerosis of the radius,http://purl.obolibrary.org/obo/HP_0004030,Patchy sclerosis of radial diaphysis,hp.owl,hp_no_uberon.owl,o_not_o2,
http://purl.obolibrary.org/obo/HP_0011314,Abnormality of long bone morphology,http://purl.obolibrary.org/obo/HP_0100368,Short phalanx of the 5th toe,hp.owl,hp_no_uberon.owl,o_not_o2,
http://purl.obolibrary.org/obo/HP_0011314,Abnormality of long bone morphology,http://purl.obolibrary.org/obo/HP_0100367,Short phalanx of the 4th toe,hp.owl,hp_no_uberon.owl,o_not_o2,
http://purl.obolibrary.org/obo/HP_0005922,Abnormal hand morphology,http://purl.obolibrary.org/obo/HP_0004150,Abnormal 3rd finger morphology,hp.owl,hp_no_uberon.owl,o_not_o2,
http://purl.obolibrary.org/obo/HP_0006481,Abnormality of primary teeth,http://purl.obolibrary.org/obo/HP_0011047,Agenesis of primary mandibular central incisor,hp.owl,hp_no_uberon.owl,o_not_o2,
http://purl.obolibrary.org/obo/HP_0006481,Abnormality of primary teeth,http://purl.obolibrary.org/obo/HP_0011046,Agenesis of primary maxillary central incisor,hp.owl,hp_no_uberon.owl,o_not_o2,
http://purl.obolibrary.org/obo/HP_0006481,Abnormality of primary teeth,http://purl.obolibrary.org/obo/HP_0011049,Agenesis of primary maxillary lateral incisor,hp.owl,hp_no_uberon.owl,o_not_o2,
http://purl.obolibrary.org/obo/HP_0010269,Bracket epiphyses of the proximal phalanges of the hand,http://purl.obolibrary.org/obo/HP_0009204,Bracket epiphysis of the middle phalanx of the 5th finger,hp.owl,hp_no_uberon.owl,o_not_o2,
http://purl.obolibrary.org/obo/HP_0010255,Stippling of the epiphyses of the distal phalanges of the hand,http://purl.obolibrary.org/obo/HP_0009223,Stippling of the epiphysis of the middle phalanx of the 4th finger,hp.owl,hp_no_uberon.owl,o_not_o2,
http://purl.obolibrary.org/obo/HP_0040073,Abnormal forearm bone morphology,http://purl.obolibrary.org/obo/HP_0004033,Curved olecranon,hp.owl,hp_no_uberon.owl,o_not_o2,
http://purl.obolibrary.org/obo/HP_0001437,Abnormality of the musculature of the lower limbs,http://purl.obolibrary.org/obo/HP_0005109,Abnormality of the Achilles tendon,hp.owl,hp_no_uberon.owl,o_not_o2,
http://purl.obolibrary.org/obo/HP_0005922,Abnormal hand morphology,http://purl.obolibrary.org/obo/HP_0004277,Fractured hand bones,hp.owl,hp_no_uberon.owl,o_not_o2,
http://purl.obolibrary.org/obo/HP_0003843,Round epiphyses of the upper limbs,http://purl.obolibrary.org/obo/HP_0004006,Round radial epiphyses,hp.owl,hp_no_uberon.owl,o_not_o2,
http://purl.obolibrary.org/obo/HP_0005922,Abnormal hand morphology,http://purl.obolibrary.org/obo/HP_0004279,Short palm,hp.owl,hp_no_uberon.owl,o_not_o2,
http://purl.obolibrary.org/obo/HP_0003312,Abnormal form of the vertebral bodies,http://purl.obolibrary.org/obo/HP_0008463,Central vertebral hypoplasia,hp.owl,hp_no_uberon.owl,o_not_o2,
http://purl.obolibrary.org/obo/HP_0005922,Abnormal hand morphology,http://purl.obolibrary.org/obo/HP_0004278,Synostosis involving bones of the hand,hp.owl,hp_no_uberon.owl,o_not_o2,
http://purl.obolibrary.org/obo/HP_0005262,Abnormality of the synovia,http://purl.obolibrary.org/obo/HP_0004230,Subluxation of the proximal interphalangeal joint of the little finger,hp.owl,hp_no_uberon.owl,o_not_o2,
http://purl.obolibrary.org/obo/HP_0003971,Broad forearm bones,http://purl.obolibrary.org/obo/HP_0004047,Wide ulnar metaphysis,hp.owl,hp_no_uberon.owl,o_not_o2,
http://purl.obolibrary.org/obo/HP_0006499,Abnormality of femoral epiphysis,http://purl.obolibrary.org/obo/HP_0008801,Hypoplasia of the lesser trochanter,hp.owl,hp_no_uberon.owl,o_not_o2,
http://purl.obolibrary.org/obo/HP_0002977,Aplasia/Hypoplasia involving the central nervous system,http://purl.obolibrary.org/obo/HP_0006850,Hypoplasia of the ventral pons,hp.owl,hp_no_uberon.owl,o_not_o2,
http://purl.obolibrary.org/obo/HP_0009924,Aplasia/Hypoplasia involving the nose,http://purl.obolibrary.org/obo/HP_0005281,Hypoplastic nasal bridge,hp.owl,hp_no_uberon.owl,o_not_o2,
http://purl.obolibrary.org/obo/HP_0001464,Aplasia/Hypoplasia involving the shoulder musculature,http://purl.obolibrary.org/obo/HP_0009784,Aplasia/Hypoplasia of the triceps,hp.owl,hp_no_uberon.owl,o_not_o2,
http://purl.obolibrary.org/obo/HP_0001291,Abnormal cranial nerve morphology,http://purl.obolibrary.org/obo/HP_0011394,Hypoplasia of the vestibular nerve,hp.owl,hp_no_uberon.owl,o_not_o2,
http://purl.obolibrary.org/obo/HP_0010277,Stippling of the epiphyses of the proximal phalanges of the hand,http://purl.obolibrary.org/obo/HP_0009259,Stippling of the epiphysis of the distal phalanx of the 4th finger,hp.owl,hp_no_uberon.owl,o_not_o2,
http://purl.obolibrary.org/obo/HP_0005773,Short forearm,http://purl.obolibrary.org/obo/HP_0002984,Hypoplasia of the radius,hp.owl,hp_no_uberon.owl,o_not_o2,
http://purl.obolibrary.org/obo/HP_0011338,Abnormality of mouth shape,http://purl.obolibrary.org/obo/HP_0010752,Cleft mandible,hp.owl,hp_no_uberon.owl,o_not_o2,
http://purl.obolibrary.org/obo/HP_0011842,Abnormality of skeletal morphology,http://purl.obolibrary.org/obo/HP_0009936,Narrow nasal septum,hp.owl,hp_no_uberon.owl,o_not_o2,
http://purl.obolibrary.org/obo/HP_0011805,Abnormal muscle morphology,http://purl.obolibrary.org/obo/HP_0045085,Atrophy of masseter muscle,hp.owl,hp_no_uberon.owl,o_not_o2,
http://purl.obolibrary.org/obo/HP_0009835,Aplasia/Hypoplasia of the distal phalanges of the hand,http://purl.obolibrary.org/obo/HP_0009557,Aplasia/Hypoplasia of the distal phalanx of the 2nd finger,hp.owl,hp_no_uberon.owl,o_not_o2,
http://purl.obolibrary.org/obo/HP_0009924,Aplasia/Hypoplasia involving the nose,http://purl.obolibrary.org/obo/HP_0005278,Hypoplastic nasal tip,hp.owl,hp_no_uberon.owl,o_not_o2,
http://purl.obolibrary.org/obo/HP_0004398,Peptic ulcer,http://purl.obolibrary.org/obo/HP_0002588,Duodenal ulcer,hp.owl,hp_no_uberon.owl,o_not_o2,
http://purl.obolibrary.org/obo/HP_0006488,Bowing of the arm,http://purl.obolibrary.org/obo/HP_0010029,Curved 1st metacarpal,hp.owl,hp_no_uberon.owl,o_not_o2,
http://purl.obolibrary.org/obo/HP_0002648,Abnormality of calvarial morphology,http://purl.obolibrary.org/obo/HP_0011083,Conical maxillary incisor,hp.owl,hp_no_uberon.owl,o_not_o2,
http://purl.obolibrary.org/obo/HP_0011121,Abnormality of skin morphology,http://purl.obolibrary.org/obo/HP_0000286,Epicanthus,hp.owl,hp_no_uberon.owl,o_not_o2,
http://purl.obolibrary.org/obo/HP_0001172,Abnormal thumb morphology,http://purl.obolibrary.org/obo/HP_0012553,Hypoplastic thumbnail,hp.owl,hp_no_uberon.owl,o_not_o2,
http://purl.obolibrary.org/obo/HP_0010210,Triangular shaped proximal phalanges of the toes,http://purl.obolibrary.org/obo/HP_0010366,Triangular shaped phalanges of the 3rd toe,hp.owl,hp_no_uberon.owl,o_not_o2,
http://purl.obolibrary.org/obo/HP_0003971,Broad forearm bones,http://purl.obolibrary.org/obo/HP_0004031,Broad radial diaphysis,hp.owl,hp_no_uberon.owl,o_not_o2,
http://purl.obolibrary.org/obo/HP_0001964,Aplasia/Hypoplasia of metatarsal bones,http://purl.obolibrary.org/obo/HP_0010067,Aplasia/hypoplasia of the 1st metatarsal,hp.owl,hp_no_uberon.owl,o_not_o2,
http://purl.obolibrary.org/obo/HP_0045014,Hypolipidemia,http://purl.obolibrary.org/obo/HP_0008233,Decreased circulating progesterone,hp.owl,hp_no_uberon.owl,o_not_o2,
http://purl.obolibrary.org/obo/HP_0040290,Abnormality of skeletal muscles,http://purl.obolibrary.org/obo/HP_0009787,Aplasia/Hypoplasia of the quadriceps,hp.owl,hp_no_uberon.owl,o_not_o2,
http://purl.obolibrary.org/obo/HP_0001367,Abnormal joint morphology,http://purl.obolibrary.org/obo/HP_0030320,Increased intervertebral space,hp.owl,hp_no_uberon.owl,o_not_o2,
http://purl.obolibrary.org/obo/HP_0040059,Calcification of ribs,http://purl.obolibrary.org/obo/HP_0006646,Costal cartilage calcification,hp.owl,hp_no_uberon.owl,o_not_o2,
http://purl.obolibrary.org/obo/HP_0000944,Abnormality of the metaphysis,http://purl.obolibrary.org/obo/HP_0003905,Abnormality of the humeral epiphyseal plate,hp.owl,hp_no_uberon.owl,o_not_o2,
http://purl.obolibrary.org/obo/HP_0003842,Irregular epiphyses of the upper limbs,http://purl.obolibrary.org/obo/HP_0004004,Irregular radial epiphyses,hp.owl,hp_no_uberon.owl,o_not_o2,
http://purl.obolibrary.org/obo/HP_0009802,Aplasia of the phalanges of the hand,http://purl.obolibrary.org/obo/HP_0009659,Partial absence of thumb,hp.owl,hp_no_uberon.owl,o_not_o2,
http://purl.obolibrary.org/obo/HP_0009816,Lower limb undergrowth,http://purl.obolibrary.org/obo/HP_0000946,Hypoplastic ilia,hp.owl,hp_no_uberon.owl,o_not_o2,
http://purl.obolibrary.org/obo/HP_0006257,Abnormality of carpal bone ossification,http://purl.obolibrary.org/obo/HP_0045003,Abnormal ossification of the scaphoid,hp.owl,hp_no_uberon.owl,o_not_o2,
http://purl.obolibrary.org/obo/HP_0002648,Abnormality of calvarial morphology,http://purl.obolibrary.org/obo/HP_0100857,Flat sella turcica,hp.owl,hp_no_uberon.owl,o_not_o2,
http://purl.obolibrary.org/obo/HP_0003103,Abnormal cortical bone morphology,http://purl.obolibrary.org/obo/HP_0100253,Abnormality of the medullary cavity of the long bones,hp.owl,hp_no_uberon.owl,o_not_o2,
http://purl.obolibrary.org/obo/HP_0040163,Abnormal pelvis bone morphology,http://purl.obolibrary.org/obo/HP_0003175,Hypoplastic ischia,hp.owl,hp_no_uberon.owl,o_not_o2,
http://purl.obolibrary.org/obo/HP_0040163,Abnormal pelvis bone morphology,http://purl.obolibrary.org/obo/HP_0003173,Hypoplastic pubic bone,hp.owl,hp_no_uberon.owl,o_not_o2,
http://purl.obolibrary.org/obo/HP_0006481,Abnormality of primary teeth,http://purl.obolibrary.org/obo/HP_0011082,Conical primary incisor,hp.owl,hp_no_uberon.owl,o_not_o2,
http://purl.obolibrary.org/obo/HP_0010266,Stippling of the epiphyses of the middle phalanges of the hand,http://purl.obolibrary.org/obo/HP_0009270,Stippling of the epiphysis of the proximal phalanx of the 4th finger,hp.owl,hp_no_uberon.owl,o_not_o2,
http://purl.obolibrary.org/obo/HP_0003860,Diaphyseal sclerosis of the upper limbs,http://purl.obolibrary.org/obo/HP_0004030,Patchy sclerosis of radial diaphysis,hp.owl,hp_no_uberon.owl,o_not_o2,
http://purl.obolibrary.org/obo/HP_0030261,Absent penis,http://purl.obolibrary.org/obo/HP_0012421,Congenital absence of foreskin,hp.owl,hp_no_uberon.owl,o_not_o2,
http://purl.obolibrary.org/obo/HP_0011842,Abnormality of skeletal morphology,http://purl.obolibrary.org/obo/HP_0009746,Thick nasal septum,hp.owl,hp_no_uberon.owl,o_not_o2,
http://purl.obolibrary.org/obo/HP_0001367,Abnormal joint morphology,http://purl.obolibrary.org/obo/HP_0008419,Intervertebral disc degeneration,hp.owl,hp_no_uberon.owl,o_not_o2,
http://purl.obolibrary.org/obo/HP_0011805,Abnormal muscle morphology,http://purl.obolibrary.org/obo/HP_0025441,Achilles tendon calcification,hp.owl,hp_no_uberon.owl,o_not_o2,
http://purl.obolibrary.org/obo/HP_0410007,Abnormality of cartilage morphology,http://purl.obolibrary.org/obo/HP_0030320,Increased intervertebral space,hp.owl,hp_no_uberon.owl,o_not_o2,
http://purl.obolibrary.org/obo/HP_0000301,Abnormality of facial musculature,http://purl.obolibrary.org/obo/HP_3000027,Abnormality of buccinator muscle,hp.owl,hp_no_uberon.owl,o_not_o2,
http://purl.obolibrary.org/obo/HP_0009843,Aplasia/Hypoplasia of the middle phalanges of the hand,http://purl.obolibrary.org/obo/HP_0009161,Aplasia/Hypoplasia of the middle phalanx of the 5th finger,hp.owl,hp_no_uberon.owl,o_not_o2,
http://purl.obolibrary.org/obo/HP_0045014,Hypolipidemia,http://purl.obolibrary.org/obo/HP_0008214,Decreased serum estradiol,hp.owl,hp_no_uberon.owl,o_not_o2,
http://purl.obolibrary.org/obo/HP_0040286,Abnormality of axial muscles,http://purl.obolibrary.org/obo/HP_0008953,Pectoralis major hypoplasia,hp.owl,hp_no_uberon.owl,o_not_o2,
http://purl.obolibrary.org/obo/HP_0009380,Aplasia of the fingers,http://purl.obolibrary.org/obo/HP_0009686,Absent epiphyses of the thumb,hp.owl,hp_no_uberon.owl,o_not_o2,
http://purl.obolibrary.org/obo/HP_0011314,Abnormality of long bone morphology,http://purl.obolibrary.org/obo/HP_0010431,Short phalanx of the 2nd toe,hp.owl,hp_no_uberon.owl,o_not_o2,
http://purl.obolibrary.org/obo/HP_0006481,Abnormality of primary teeth,http://purl.obolibrary.org/obo/HP_0200159,Agenesis of primary mandibular lateral incisor,hp.owl,hp_no_uberon.owl,o_not_o2,
http://purl.obolibrary.org/obo/HP_0002977,Aplasia/Hypoplasia involving the central nervous system,http://purl.obolibrary.org/obo/HP_0006817,Aplasia/Hypoplasia of the cerebellar vermis,hp.owl,hp_no_uberon.owl,o_not_o2,
http://purl.obolibrary.org/obo/HP_0005922,Abnormal hand morphology,http://purl.obolibrary.org/obo/HP_0004100,Abnormal 2nd finger morphology,hp.owl,hp_no_uberon.owl,o_not_o2,
http://purl.obolibrary.org/obo/HP_0011121,Abnormality of skin morphology,http://purl.obolibrary.org/obo/HP_0000499,Abnormal eyelash morphology,hp.owl,hp_no_uberon.owl,o_not_o2,
http://purl.obolibrary.org/obo/HP_0001421,Abnormality of the musculature of the hand,http://purl.obolibrary.org/obo/HP_0003392,First dorsal interossei muscle weakness,hp.owl,hp_no_uberon.owl,o_not_o2,
http://purl.obolibrary.org/obo/HP_0002538,Abnormality of the cerebral cortex,http://purl.obolibrary.org/obo/HP_0002493,Upper motor neuron dysfunction,hp.owl,hp_no_uberon.owl,o_not_o2,
http://purl.obolibrary.org/obo/HP_0005922,Abnormal hand morphology,http://purl.obolibrary.org/obo/HP_0007605,Excessive wrinkling of palmar skin,hp.owl,hp_no_uberon.owl,o_not_o2,
http://purl.obolibrary.org/obo/HP_0009835,Aplasia/Hypoplasia of the distal phalanges of the hand,http://purl.obolibrary.org/obo/HP_0009239,Aplasia/Hypoplasia of the distal phalanx of the 5th finger,hp.owl,hp_no_uberon.owl,o_not_o2,
http://purl.obolibrary.org/obo/HP_0003971,Broad forearm bones,http://purl.obolibrary.org/obo/HP_0004014,Broad radial epiphyseal plate,hp.owl,hp_no_uberon.owl,o_not_o2,
http://purl.obolibrary.org/obo/HP_0001464,Aplasia/Hypoplasia involving the shoulder musculature,http://purl.obolibrary.org/obo/HP_0005258,Pectoral muscle hypoplasia/aplasia,hp.owl,hp_no_uberon.owl,o_not_o2,
http://purl.obolibrary.org/obo/HP_0006487,Bowing of the long bones,http://purl.obolibrary.org/obo/HP_0010070,Curved 1st metatarsal,hp.owl,hp_no_uberon.owl,o_not_o2,
http://purl.obolibrary.org/obo/HP_0430000,Abnormality of the frontal bone,http://purl.obolibrary.org/obo/HP_0009891,Underdeveloped supraorbital ridges,hp.owl,hp_no_uberon.owl,o_not_o2,
http://purl.obolibrary.org/obo/HP_0040290,Abnormality of skeletal muscles,http://purl.obolibrary.org/obo/HP_0006366,Adductor longus contractures,hp.owl,hp_no_uberon.owl,o_not_o2,
http://purl.obolibrary.org/obo/HP_0009851,Aplasia/Hypoplasia of the proximal phalanges of the hand,http://purl.obolibrary.org/obo/HP_0009192,Aplasia/Hypoplasia of the proximal phalanx of the 5th finger,hp.owl,hp_no_uberon.owl,o_not_o2,
http://purl.obolibrary.org/obo/HP_0040290,Abnormality of skeletal muscles,http://purl.obolibrary.org/obo/HP_3000012,Abnormality of palatopharyngeus muscle,hp.owl,hp_no_uberon.owl,o_not_o2,
http://purl.obolibrary.org/obo/HP_0006503,Aplasia/hypoplasia involving forearm bones,http://purl.obolibrary.org/obo/HP_0006386,Hypoplastic distal radial epiphyses,hp.owl,hp_no_uberon.owl,o_not_o2,
http://purl.obolibrary.org/obo/HP_0005486,Small fontanelle,http://purl.obolibrary.org/obo/HP_0000237,Small anterior fontanelle,hp.owl,hp_no_uberon.owl,o_not_o2,
http://purl.obolibrary.org/obo/HP_0010276,Small epiphyses of the proximal phalanges of the hand,http://purl.obolibrary.org/obo/HP_0009672,Small epiphysis of the proximal phalanx of the thumb,hp.owl,hp_no_uberon.owl,o_not_o2,
http://purl.obolibrary.org/obo/HP_0000674,Anodontia,http://purl.obolibrary.org/obo/HP_0011054,Agenesis of molar,hp.owl,hp_no_uberon.owl,o_not_o2,
http://purl.obolibrary.org/obo/HP_0002180,Neurodegeneration,http://purl.obolibrary.org/obo/HP_0002314,Degeneration of the lateral corticospinal tracts,hp.owl,hp_no_uberon.owl,o_not_o2,
http://purl.obolibrary.org/obo/HP_0000674,Anodontia,http://purl.obolibrary.org/obo/HP_0011051,Agenesis of premolar,hp.owl,hp_no_uberon.owl,o_not_o2,
http://purl.obolibrary.org/obo/HP_0001627,Abnormal heart morphology,http://purl.obolibrary.org/obo/HP_0001643,Patent ductus arteriosus,hp.owl,hp_no_uberon.owl,o_not_o2,
http://purl.obolibrary.org/obo/HP_0005922,Abnormal hand morphology,http://purl.obolibrary.org/obo/HP_0004207,Abnormal 5th finger morphology,hp.owl,hp_no_uberon.owl,o_not_o2,
http://purl.obolibrary.org/obo/HP_0003330,Abnormal bone structure,http://purl.obolibrary.org/obo/HP_0008455,Dysplastic sacrum,hp.owl,hp_no_uberon.owl,o_not_o2,
http://purl.obolibrary.org/obo/HP_0001836,Camptodactyly of toe,http://purl.obolibrary.org/obo/HP_0010214,Contracture of the interphalangeal joint of the hallux,hp.owl,hp_no_uberon.owl,o_not_o2,
http://purl.obolibrary.org/obo/HP_0011029,Internal hemorrhage,http://purl.obolibrary.org/obo/HP_0040184,Oral bleeding,hp.owl,hp_no_uberon.owl,o_not_o2,
http://purl.obolibrary.org/obo/HP_0002212,Curly hair,http://purl.obolibrary.org/obo/HP_0007665,Curly eyelashes,hp.owl,hp_no_uberon.owl,o_not_o2,
http://purl.obolibrary.org/obo/HP_0001844,Abnormality of the hallux,http://purl.obolibrary.org/obo/HP_0012555,Absent nail of hallux,hp.owl,hp_no_uberon.owl,o_not_o2,
http://purl.obolibrary.org/obo/HP_0100388,Aplasia of the proximal phalanges of the toes,http://purl.obolibrary.org/obo/HP_0010436,Aplasia of the proximal phalanx of the 2nd toe,hp.owl,hp_no_uberon.owl,o_not_o2,
http://purl.obolibrary.org/obo/HP_0011830,Abnormal oral mucosa morphology,http://purl.obolibrary.org/obo/HP_0000190,Abnormal oral frenulum morphology,hp.owl,hp_no_uberon.owl,o_not_o2,
http://purl.obolibrary.org/obo/HP_0010937,Abnormality of the nasal skeleton,http://purl.obolibrary.org/obo/HP_0000419,Abnormality of the nasal septum,hp.owl,hp_no_uberon.owl,o_not_o2,
http://purl.obolibrary.org/obo/HP_0005262,Abnormality of the synovia,http://purl.obolibrary.org/obo/HP_0025004,Hallux rigidus,hp.owl,hp_no_uberon.owl,o_not_o2,
http://purl.obolibrary.org/obo/HP_0010209,Symphalangism affecting the proximal phalanges of the toes,http://purl.obolibrary.org/obo/HP_0010091,Symphalangism affecting the proximal phalanx of the hallux,hp.owl,hp_no_uberon.owl,o_not_o2,
http://purl.obolibrary.org/obo/HP_0010277,Stippling of the epiphyses of the proximal phalanges of the hand,http://purl.obolibrary.org/obo/HP_0009673,Stippling of the epiphysis of the proximal phalanx of the thumb,hp.owl,hp_no_uberon.owl,o_not_o2,
http://purl.obolibrary.org/obo/HP_0007367,Atrophy/Degeneration affecting the central nervous system,http://purl.obolibrary.org/obo/HP_0006855,Cerebellar vermis atrophy,hp.owl,hp_no_uberon.owl,o_not_o2,
http://purl.obolibrary.org/obo/HP_0005922,Abnormal hand morphology,http://purl.obolibrary.org/obo/HP_0001169,Broad palm,hp.owl,hp_no_uberon.owl,o_not_o2,
http://purl.obolibrary.org/obo/HP_0040163,Abnormal pelvis bone morphology,http://purl.obolibrary.org/obo/HP_0000946,Hypoplastic ilia,hp.owl,hp_no_uberon.owl,o_not_o2,
http://purl.obolibrary.org/obo/HP_0006784,Paranasal sinus hypoplasia,http://purl.obolibrary.org/obo/HP_0002738,Hypoplastic frontal sinuses,hp.owl,hp_no_uberon.owl,o_not_o2,
http://purl.obolibrary.org/obo/HP_0005922,Abnormal hand morphology,http://purl.obolibrary.org/obo/HP_0001172,Abnormal thumb morphology,hp.owl,hp_no_uberon.owl,o_not_o2,
http://purl.obolibrary.org/obo/HP_0009843,Aplasia/Hypoplasia of the middle phalanges of the hand,http://purl.obolibrary.org/obo/HP_0009299,Aplasia/Hypoplasia of the middle phalanx of the 4th finger,hp.owl,hp_no_uberon.owl,o_not_o2,
http://purl.obolibrary.org/obo/HP_0002270,Abnormality of the autonomic nervous system,http://purl.obolibrary.org/obo/HP_3000025,Abnormality of ciliary ganglion,hp.owl,hp_no_uberon.owl,o_not_o2,
http://purl.obolibrary.org/obo/HP_0004426,Abnormality of the cheek,http://purl.obolibrary.org/obo/HP_0007421,Telangiectases of the cheeks,hp.owl,hp_no_uberon.owl,o_not_o2,
http://purl.obolibrary.org/obo/HP_0010720,Abnormal hair pattern,http://purl.obolibrary.org/obo/HP_0001128,Trichiasis,hp.owl,hp_no_uberon.owl,o_not_o2,
http://purl.obolibrary.org/obo/HP_0011911,Abnormality of metacarpophalangeal joint,http://purl.obolibrary.org/obo/HP_0009277,Contracture of the metacarpophalangeal joint of the 4th finger,hp.owl,hp_no_uberon.owl,o_not_o2,
http://purl.obolibrary.org/obo/HP_0003026,Short long bone,http://purl.obolibrary.org/obo/HP_0009660,Short phalanx of the thumb,hp.owl,hp_no_uberon.owl,o_not_o2,
http://purl.obolibrary.org/obo/HP_0040286,Abnormality of axial muscles,http://purl.obolibrary.org/obo/HP_0005258,Pectoral muscle hypoplasia/aplasia,hp.owl,hp_no_uberon.owl,o_not_o2,
http://purl.obolibrary.org/obo/HP_0010208,Patchy sclerosis of proximal toe phalanx,http://purl.obolibrary.org/obo/HP_0010090,Patchy sclerosis of the proximal phalanx of the hallux,hp.owl,hp_no_uberon.owl,o_not_o2,
http://purl.obolibrary.org/obo/HP_0001430,Abnormality of the calf musculature,http://purl.obolibrary.org/obo/HP_0008963,Tibialis muscle weakness,hp.owl,hp_no_uberon.owl,o_not_o2,
http://purl.obolibrary.org/obo/HP_0004286,Patchy sclerosis of hand bones,http://purl.obolibrary.org/obo/HP_0010031,Patchy sclerosis of the 1st metacarpal,hp.owl,hp_no_uberon.owl,o_not_o2,
http://purl.obolibrary.org/obo/HP_0010274,Ivory epiphyses of the proximal phalanges of the hand,http://purl.obolibrary.org/obo/HP_0009670,Ivory epiphysis of the proximal phalanx of the thumb,hp.owl,hp_no_uberon.owl,o_not_o2,
http://purl.obolibrary.org/obo/HP_0010211,Duplication of proximal phalanx of toe,http://purl.obolibrary.org/obo/HP_0100415,Complete duplication of the proximal phalanx of the 5th toe,hp.owl,hp_no_uberon.owl,o_not_o2,
http://purl.obolibrary.org/obo/HP_0009835,Aplasia/Hypoplasia of the distal phalanges of the hand,http://purl.obolibrary.org/obo/HP_0009289,Aplasia/Hypoplasia of the distal phalanx of the 4th finger,hp.owl,hp_no_uberon.owl,o_not_o2,
http://purl.obolibrary.org/obo/HP_0001836,Camptodactyly of toe,http://purl.obolibrary.org/obo/HP_0100355,Contractures of the distal interphalangeal joint of the 5th toe,hp.owl,hp_no_uberon.owl,o_not_o2,
http://purl.obolibrary.org/obo/HP_0001836,Camptodactyly of toe,http://purl.obolibrary.org/obo/HP_0100354,Contracture of the distal interphalangeal joint of the 4th toe,hp.owl,hp_no_uberon.owl,o_not_o2,
http://purl.obolibrary.org/obo/HP_0000267,Cranial asymmetry,http://purl.obolibrary.org/obo/HP_0009940,Asymmetry of the mandible,hp.owl,hp_no_uberon.owl,o_not_o2,
http://purl.obolibrary.org/obo/HP_0001836,Camptodactyly of toe,http://purl.obolibrary.org/obo/HP_0100353,Contracture of the distal interphalangeal joint of the 3rd toe,hp.owl,hp_no_uberon.owl,o_not_o2,
http://purl.obolibrary.org/obo/HP_0001836,Camptodactyly of toe,http://purl.obolibrary.org/obo/HP_0100352,Contracture of the distal interphalangeal joint of the 2nd toe,hp.owl,hp_no_uberon.owl,o_not_o2,
http://purl.obolibrary.org/obo/HP_0010241,Short proximal phalanx of finger,http://purl.obolibrary.org/obo/HP_0009638,Short proximal phalanx of thumb,hp.owl,hp_no_uberon.owl,o_not_o2,
http://purl.obolibrary.org/obo/HP_0010189,Osteolytic defects of the distal phalanges of the toes,http://purl.obolibrary.org/obo/HP_0010417,Osteolytic defects of the distal phalanx of the 2nd toe,hp.owl,hp_no_uberon.owl,o_not_o2,
http://purl.obolibrary.org/obo/HP_0010493,Long metacarpals,http://purl.obolibrary.org/obo/HP_0006040,Long second metacarpal,hp.owl,hp_no_uberon.owl,o_not_o2,
http://purl.obolibrary.org/obo/HP_0010275,Pseudoepiphyses of the proximal phalanges of the hand,http://purl.obolibrary.org/obo/HP_0009671,Pseudoepiphysis of the proximal phalanx of the thumb,hp.owl,hp_no_uberon.owl,o_not_o2,
http://purl.obolibrary.org/obo/HP_3000036,Abnormality of head blood vessel,http://purl.obolibrary.org/obo/HP_0031310,Basilar artery calcification,hp.owl,hp_no_uberon.owl,o_not_o2,
http://purl.obolibrary.org/obo/HP_0007988,Macular hypopigmentation,http://purl.obolibrary.org/obo/HP_0012643,Foveal hypopigmentation,hp.owl,hp_no_uberon.owl,o_not_o2,
http://purl.obolibrary.org/obo/HP_0005344,Abnormal carotid artery morphology,http://purl.obolibrary.org/obo/HP_3000065,Abnormal lacrimal artery morphology,hp.owl,hp_no_uberon.owl,o_not_o2,
http://purl.obolibrary.org/obo/HP_0010242,Aplasia of the proximal phalanges of the hand,http://purl.obolibrary.org/obo/HP_0009637,Absent proximal phalanx of thumb,hp.owl,hp_no_uberon.owl,o_not_o2,
http://purl.obolibrary.org/obo/HP_0100037,Abnormality of the scalp hair,http://purl.obolibrary.org/obo/HP_0040055,Short lower eyelashes,hp.owl,hp_no_uberon.owl,o_not_o2,
http://purl.obolibrary.org/obo/HP_0100037,Abnormality of the scalp hair,http://purl.obolibrary.org/obo/HP_0040054,Short upper eyelashes,hp.owl,hp_no_uberon.owl,o_not_o2,
http://purl.obolibrary.org/obo/HP_0100037,Abnormality of the scalp hair,http://purl.obolibrary.org/obo/HP_0040053,Long lower eyelashes,hp.owl,hp_no_uberon.owl,o_not_o2,
http://purl.obolibrary.org/obo/HP_0009832,Abnormal distal phalanx morphology of finger,http://purl.obolibrary.org/obo/HP_0005848,Bifid thumb distal phalanx,hp.owl,hp_no_uberon.owl,o_not_o2,
http://purl.obolibrary.org/obo/HP_0002062,Morphological abnormality of the pyramidal tract,http://purl.obolibrary.org/obo/HP_0007299,Dysfunction of lateral corticospinal tracts,hp.owl,hp_no_uberon.owl,o_not_o2,
http://purl.obolibrary.org/obo/HP_0010184,Abnormality of toe proximal phalanx,http://purl.obolibrary.org/obo/HP_0010052,Abnormality of the proximal phalanx of the hallux,hp.owl,hp_no_uberon.owl,o_not_o2,
http://purl.obolibrary.org/obo/HP_0010245,Abnormality of the epiphyses of the proximal phalanges of the hand,http://purl.obolibrary.org/obo/HP_0009663,Abnormality of the epiphysis of the proximal phalanx of the thumb,hp.owl,hp_no_uberon.owl,o_not_o2,
http://purl.obolibrary.org/obo/HP_0010269,Bracket epiphyses of the proximal phalanges of the hand,http://purl.obolibrary.org/obo/HP_0009665,Bracket epiphysis of the proximal phalanx of the thumb,hp.owl,hp_no_uberon.owl,o_not_o2,
http://purl.obolibrary.org/obo/HP_0009811,Abnormality of the elbow,http://purl.obolibrary.org/obo/HP_0003995,Abnormality of the radial head,hp.owl,hp_no_uberon.owl,o_not_o2,
http://purl.obolibrary.org/obo/HP_0011805,Abnormal muscle morphology,http://purl.obolibrary.org/obo/HP_3000072,Abnormal levator palpebrae superioris morphology,hp.owl,hp_no_uberon.owl,o_not_o2,
http://purl.obolibrary.org/obo/HP_0010210,Triangular shaped proximal phalanges of the toes,http://purl.obolibrary.org/obo/HP_0010402,Triangular shaped proximal phalanx of the 2nd toe,hp.owl,hp_no_uberon.owl,o_not_o2,
http://purl.obolibrary.org/obo/HP_0010202,Duplication of middle phalanx of toe,http://purl.obolibrary.org/obo/HP_0100411,Complete duplication of the middle phalanx of the 4th toe,hp.owl,hp_no_uberon.owl,o_not_o2,
http://purl.obolibrary.org/obo/HP_0009823,Aplasia involving bones of the upper limbs,http://purl.obolibrary.org/obo/HP_0010046,Aplasia of the 5th metacarpal,hp.owl,hp_no_uberon.owl,o_not_o2,
http://purl.obolibrary.org/obo/HP_0009823,Aplasia involving bones of the upper limbs,http://purl.obolibrary.org/obo/HP_0010043,Aplasia of the 4th metacarpal,hp.owl,hp_no_uberon.owl,o_not_o2,
http://purl.obolibrary.org/obo/HP_0001367,Abnormal joint morphology,http://purl.obolibrary.org/obo/HP_0005645,Intervertebral disk calcification,hp.owl,hp_no_uberon.owl,o_not_o2,
http://purl.obolibrary.org/obo/HP_0011338,Abnormality of mouth shape,http://purl.obolibrary.org/obo/HP_0011822,Broad chin,hp.owl,hp_no_uberon.owl,o_not_o2,
http://purl.obolibrary.org/obo/HP_0002418,Abnormality of midbrain morphology,http://purl.obolibrary.org/obo/HP_0002410,Aqueductal stenosis,hp.owl,hp_no_uberon.owl,o_not_o2,
http://purl.obolibrary.org/obo/HP_0002754,Osteomyelitis,http://purl.obolibrary.org/obo/HP_0000265,Mastoiditis,hp.owl,hp_no_uberon.owl,o_not_o2,
http://purl.obolibrary.org/obo/HP_0005916,Abnormal metacarpal morphology,http://purl.obolibrary.org/obo/HP_0010029,Curved 1st metacarpal,hp.owl,hp_no_uberon.owl,o_not_o2,
http://purl.obolibrary.org/obo/HP_0005916,Abnormal metacarpal morphology,http://purl.obolibrary.org/obo/HP_0010028,Bullet-shaped 1st metacarpal,hp.owl,hp_no_uberon.owl,o_not_o2,
http://purl.obolibrary.org/obo/HP_0004100,Abnormal 2nd finger morphology,http://purl.obolibrary.org/obo/HP_0009548,Bullet-shaped phalanges of the 2nd finger,hp.owl,hp_no_uberon.owl,o_not_o2,
http://purl.obolibrary.org/obo/HP_0040066,Abnormal morphology of bones of the lower limbs,http://purl.obolibrary.org/obo/HP_0008117,Shortening of the talar neck,hp.owl,hp_no_uberon.owl,o_not_o2,
http://purl.obolibrary.org/obo/HP_0009823,Aplasia involving bones of the upper limbs,http://purl.obolibrary.org/obo/HP_0010040,Aplasia of the 3rd metacarpal,hp.owl,hp_no_uberon.owl,o_not_o2,
http://purl.obolibrary.org/obo/HP_0005262,Abnormality of the synovia,http://purl.obolibrary.org/obo/HP_0009183,Joint contracture of the 5th finger,hp.owl,hp_no_uberon.owl,o_not_o2,
http://purl.obolibrary.org/obo/HP_0005652,Cortical sclerosis,http://purl.obolibrary.org/obo/HP_0005045,Diaphyseal cortical sclerosis,hp.owl,hp_no_uberon.owl,o_not_o2,
http://purl.obolibrary.org/obo/HP_0000291,Abnormality of facial adipose tissue,http://purl.obolibrary.org/obo/HP_3000021,Abnormality of buccal fat pad,hp.owl,hp_no_uberon.owl,o_not_o2,
http://purl.obolibrary.org/obo/HP_0000157,Abnormality of the tongue,http://purl.obolibrary.org/obo/HP_0000190,Abnormal oral frenulum morphology,hp.owl,hp_no_uberon.owl,o_not_o2,
http://purl.obolibrary.org/obo/HP_0009823,Aplasia involving bones of the upper limbs,http://purl.obolibrary.org/obo/HP_0010037,Aplasia of the 2nd metacarpal,hp.owl,hp_no_uberon.owl,o_not_o2,
http://purl.obolibrary.org/obo/HP_0001574,Abnormality of the integument,http://purl.obolibrary.org/obo/HP_0000058,Abnormality of the labia,hp.owl,hp_no_uberon.owl,o_not_o2,
http://purl.obolibrary.org/obo/HP_0001679,Abnormal aortic morphology,http://purl.obolibrary.org/obo/HP_0002636,Dilatation of an abdominal artery,hp.owl,hp_no_uberon.owl,o_not_o2,
http://purl.obolibrary.org/obo/HP_0005262,Abnormality of the synovia,http://purl.obolibrary.org/obo/HP_0030870,Abnormality of spinal facet joint,hp.owl,hp_no_uberon.owl,o_not_o2,
http://purl.obolibrary.org/obo/HP_0045016,Elevated serum long-chain fatty acids,http://purl.obolibrary.org/obo/HP_0410154,Increased level of myristic acid in serum,hp.owl,hp_no_uberon.owl,o_not_o2,
http://purl.obolibrary.org/obo/HP_0000971,Abnormality of the sweat gland,http://purl.obolibrary.org/obo/HP_0040097,Neoplasm of the ceruminal gland,hp.owl,hp_no_uberon.owl,o_not_o2,
http://purl.obolibrary.org/obo/HP_0011911,Abnormality of metacarpophalangeal joint,http://purl.obolibrary.org/obo/HP_0009186,Contracture of the metacarpophalangeal joint of the 5th finger,hp.owl,hp_no_uberon.owl,o_not_o2,
http://purl.obolibrary.org/obo/HP_0005916,Abnormal metacarpal morphology,http://purl.obolibrary.org/obo/HP_0010016,Bracket epiphysis of the 1st metacarpal,hp.owl,hp_no_uberon.owl,o_not_o2,
http://purl.obolibrary.org/obo/HP_0040290,Abnormality of skeletal muscles,http://purl.obolibrary.org/obo/HP_3000073,Abnormality of levator veli palatini muscle,hp.owl,hp_no_uberon.owl,o_not_o2,
http://purl.obolibrary.org/obo/HP_0001291,Abnormal cranial nerve morphology,http://purl.obolibrary.org/obo/HP_3000048,Abnormal great auricular nerve morphology,hp.owl,hp_no_uberon.owl,o_not_o2,
http://purl.obolibrary.org/obo/HP_0010278,Triangular epiphyses of the proximal phalanges of the hand,http://purl.obolibrary.org/obo/HP_0009674,Triangular epiphysis of the proximal phalanx of the thumb,hp.owl,hp_no_uberon.owl,o_not_o2,
http://purl.obolibrary.org/obo/HP_0005922,Abnormal hand morphology,http://purl.obolibrary.org/obo/HP_0001245,Small thenar eminence,hp.owl,hp_no_uberon.owl,o_not_o2,
http://purl.obolibrary.org/obo/HP_0011121,Abnormality of skin morphology,http://purl.obolibrary.org/obo/HP_0012882,Hyperplastic labia majora,hp.owl,hp_no_uberon.owl,o_not_o2,
http://purl.obolibrary.org/obo/HP_0001495,Carpal osteolysis,http://purl.obolibrary.org/obo/HP_0006202,Osteolysis of scaphoids,hp.owl,hp_no_uberon.owl,o_not_o2,
http://purl.obolibrary.org/obo/HP_0001572,Macrodontia,http://purl.obolibrary.org/obo/HP_0011093,Molarization of premolar,hp.owl,hp_no_uberon.owl,o_not_o2,
http://purl.obolibrary.org/obo/HP_0010271,Enlarged epiphyses of the proximal phalanges of the hand,http://purl.obolibrary.org/obo/HP_0009158,Enlarged epiphysis of the proximal phalanx of the 5th finger,hp.owl,hp_no_uberon.owl,o_not_o2,
http://purl.obolibrary.org/obo/HP_0040290,Abnormality of skeletal muscles,http://purl.obolibrary.org/obo/HP_3000067,Abnormal lateral cricoarytenoid muscle morphology,hp.owl,hp_no_uberon.owl,o_not_o2,
http://purl.obolibrary.org/obo/HP_0001679,Abnormal aortic morphology,http://purl.obolibrary.org/obo/HP_0012326,Abnormal celiac artery morphology,hp.owl,hp_no_uberon.owl,o_not_o2,
http://purl.obolibrary.org/obo/HP_0025424,Abnormal larynx physiology,http://purl.obolibrary.org/obo/HP_0031801,Vocal cord dysfunction,hp.owl,hp_no_uberon.owl,o_not_o2,
http://purl.obolibrary.org/obo/HP_0010268,Absent epiphyses of the proximal phalanges of the hand,http://purl.obolibrary.org/obo/HP_0009664,Absent epiphysis of the proximal phalanx of the thumb,hp.owl,hp_no_uberon.owl,o_not_o2,
http://purl.obolibrary.org/obo/HP_0011029,Internal hemorrhage,http://purl.obolibrary.org/obo/HP_0001933,Subcutaneous hemorrhage,hp.owl,hp_no_uberon.owl,o_not_o2,
http://purl.obolibrary.org/obo/HP_0003319,Abnormality of the cervical spine,http://purl.obolibrary.org/obo/HP_0005857,Cervical spina bifida,hp.owl,hp_no_uberon.owl,o_not_o2,
http://purl.obolibrary.org/obo/HP_0009824,Upper limb undergrowth,http://purl.obolibrary.org/obo/HP_0003997,Hypoplastic radial head,hp.owl,hp_no_uberon.owl,o_not_o2,
http://purl.obolibrary.org/obo/HP_0009816,Lower limb undergrowth,http://purl.obolibrary.org/obo/HP_0012789,Hypoplasia of the calcaneus,hp.owl,hp_no_uberon.owl,o_not_o2,
http://purl.obolibrary.org/obo/HP_0003272,Abnormality of the hip bone,http://purl.obolibrary.org/obo/HP_0010456,Abnormality of the greater sacrosciatic notch,hp.owl,hp_no_uberon.owl,o_not_o2,
http://purl.obolibrary.org/obo/HP_0011338,Abnormality of mouth shape,http://purl.obolibrary.org/obo/HP_0006339,Conical mandibular incisor,hp.owl,hp_no_uberon.owl,o_not_o2,
http://purl.obolibrary.org/obo/HP_0005344,Abnormal carotid artery morphology,http://purl.obolibrary.org/obo/HP_3000024,Abnormal facial artery morphology,hp.owl,hp_no_uberon.owl,o_not_o2,
http://purl.obolibrary.org/obo/HP_0100387,Aplasia of the middle phalanges of the toes,http://purl.obolibrary.org/obo/HP_0010434,Aplasia of the middle phalanx of the 2nd toe,hp.owl,hp_no_uberon.owl,o_not_o2,
http://purl.obolibrary.org/obo/HP_0011805,Abnormal muscle morphology,http://purl.obolibrary.org/obo/HP_0001540,Diastasis recti,hp.owl,hp_no_uberon.owl,o_not_o2,
http://purl.obolibrary.org/obo/HP_0005035,Shortening of all phalanges of the toes,http://purl.obolibrary.org/obo/HP_0010111,Short phalanx of hallux,hp.owl,hp_no_uberon.owl,o_not_o2,
http://purl.obolibrary.org/obo/HP_0004426,Abnormality of the cheek,http://purl.obolibrary.org/obo/HP_0000197,Abnormal parotid gland morphology,hp.owl,hp_no_uberon.owl,o_not_o2,
http://purl.obolibrary.org/obo/HP_0040066,Abnormal morphology of bones of the lower limbs,http://purl.obolibrary.org/obo/HP_0012789,Hypoplasia of the calcaneus,hp.owl,hp_no_uberon.owl,o_not_o2,
http://purl.obolibrary.org/obo/HP_0011849,Abnormal bone ossification,http://purl.obolibrary.org/obo/HP_0030290,Unossified sacrum,hp.owl,hp_no_uberon.owl,o_not_o2,
http://purl.obolibrary.org/obo/HP_0005262,Abnormality of the synovia,http://purl.obolibrary.org/obo/HP_0009274,Joint contracture of the 4th finger,hp.owl,hp_no_uberon.owl,o_not_o2,
http://purl.obolibrary.org/obo/HP_0010203,Aplasia/hypoplasia of proximal toe phalanx,http://purl.obolibrary.org/obo/HP_0010085,Aplasia/Hypoplasia of the proximal phalanx of the hallux,hp.owl,hp_no_uberon.owl,o_not_o2,
http://purl.obolibrary.org/obo/HP_0011842,Abnormality of skeletal morphology,http://purl.obolibrary.org/obo/HP_0001566,Widely-spaced maxillary central incisors,hp.owl,hp_no_uberon.owl,o_not_o2,
http://purl.obolibrary.org/obo/HP_0040073,Abnormal forearm bone morphology,http://purl.obolibrary.org/obo/HP_0003997,Hypoplastic radial head,hp.owl,hp_no_uberon.owl,o_not_o2,
http://purl.obolibrary.org/obo/HP_0040073,Abnormal forearm bone morphology,http://purl.obolibrary.org/obo/HP_0003998,Constricted radial neck,hp.owl,hp_no_uberon.owl,o_not_o2,
http://purl.obolibrary.org/obo/HP_0040290,Abnormality of skeletal muscles,http://purl.obolibrary.org/obo/HP_0430017,Abnormality of uvular muscle,hp.owl,hp_no_uberon.owl,o_not_o2,
http://purl.obolibrary.org/obo/HP_0011509,Macular hyperpigmentation,http://purl.obolibrary.org/obo/HP_0008001,Foveal hyperpigmentation,hp.owl,hp_no_uberon.owl,o_not_o2,
http://purl.obolibrary.org/obo/HP_0009944,Partial duplication of thumb phalanx,http://purl.obolibrary.org/obo/HP_0005848,Bifid thumb distal phalanx,hp.owl,hp_no_uberon.owl,o_not_o2,
http://purl.obolibrary.org/obo/HP_0002689,Absent paranasal sinuses,http://purl.obolibrary.org/obo/HP_0002688,Absent frontal sinuses,hp.owl,hp_no_uberon.owl,o_not_o2,
http://purl.obolibrary.org/obo/HP_0008438,Vertebral arch anomaly,http://purl.obolibrary.org/obo/HP_0030870,Abnormality of spinal facet joint,hp.owl,hp_no_uberon.owl,o_not_o2,
http://purl.obolibrary.org/obo/HP_0010196,Bullet-shaped middle toe phalanx,http://purl.obolibrary.org/obo/HP_0010406,Bullet-shaped middle phalanx of the 2nd toe,hp.owl,hp_no_uberon.owl,o_not_o2,
http://purl.obolibrary.org/obo/HP_0003037,Enlarged joints,http://purl.obolibrary.org/obo/HP_0000920,Enlargement of the costochondral junction,hp.owl,hp_no_uberon.owl,o_not_o2,
http://purl.obolibrary.org/obo/HP_0025033,Abnormality of digestive system morphology,http://purl.obolibrary.org/obo/HP_0005483,Abnormal epiglottis morphology,hp.owl,hp_no_uberon.owl,o_not_o2,
http://purl.obolibrary.org/obo/HP_0003999,Abnormality of radial epiphyses,http://purl.obolibrary.org/obo/HP_0003995,Abnormality of the radial head,hp.owl,hp_no_uberon.owl,o_not_o2,
http://purl.obolibrary.org/obo/HP_0000271,Abnormality of the face,http://purl.obolibrary.org/obo/HP_3000025,Abnormality of ciliary ganglion,hp.owl,hp_no_uberon.owl,o_not_o2,
http://purl.obolibrary.org/obo/HP_0010207,Osteolytic defect of the proximal toe phalanx,http://purl.obolibrary.org/obo/HP_0010399,Osteolytic defects of the proximal phalanx of the 2nd toe,hp.owl,hp_no_uberon.owl,o_not_o2,
http://purl.obolibrary.org/obo/HP_0001436,Abnormality of the foot musculature,http://purl.obolibrary.org/obo/HP_0002601,Paresis of extensor muscles of the big toe,hp.owl,hp_no_uberon.owl,o_not_o2,
http://purl.obolibrary.org/obo/HP_0009911,Abnormal temporal bone morphology,http://purl.obolibrary.org/obo/HP_0011376,Morphological abnormality of the vestibule of the inner ear,hp.owl,hp_no_uberon.owl,o_not_o2,
http://purl.obolibrary.org/obo/HP_0010655,Epiphyseal stippling,http://purl.obolibrary.org/obo/HP_0010158,Stippling of the epiphysis of the 1st metatarsal,hp.owl,hp_no_uberon.owl,o_not_o2,
http://purl.obolibrary.org/obo/HP_0004321,Bladder fistula,http://purl.obolibrary.org/obo/HP_0100525,Urachus fistula,hp.owl,hp_no_uberon.owl,o_not_o2,
http://purl.obolibrary.org/obo/HP_0100946,Sclerosis of proximal toe phalanx,http://purl.obolibrary.org/obo/HP_0100943,Sclerosis of the proximal phalanx of the hallux,hp.owl,hp_no_uberon.owl,o_not_o2,
http://purl.obolibrary.org/obo/HP_0025033,Abnormality of digestive system morphology,http://purl.obolibrary.org/obo/HP_0040257,Abnormal size of nasopharyngeal adenoids,hp.owl,hp_no_uberon.owl,o_not_o2,
http://purl.obolibrary.org/obo/HP_0040008,Aplasia of facial bones,http://purl.obolibrary.org/obo/HP_0009939,Mandibular aplasia,hp.owl,hp_no_uberon.owl,o_not_o2,
http://purl.obolibrary.org/obo/HP_0004426,Abnormality of the cheek,http://purl.obolibrary.org/obo/HP_3000005,Abnormality of masseter muscle,hp.owl,hp_no_uberon.owl,o_not_o2,
http://purl.obolibrary.org/obo/HP_0009488,Absent epiphyses of the 2nd finger,http://purl.obolibrary.org/obo/HP_0009596,Aplasia of the proximal phalanx of the 2nd finger,hp.owl,hp_no_uberon.owl,o_not_o2,
http://purl.obolibrary.org/obo/HP_0040066,Abnormal morphology of bones of the lower limbs,http://purl.obolibrary.org/obo/HP_0010150,Bracket epiphysis of the 1st metatarsal,hp.owl,hp_no_uberon.owl,o_not_o2,
http://purl.obolibrary.org/obo/HP_0040066,Abnormal morphology of bones of the lower limbs,http://purl.obolibrary.org/obo/HP_0010151,Cone-shaped epiphysis of the 1st metatarsal,hp.owl,hp_no_uberon.owl,o_not_o2,
http://purl.obolibrary.org/obo/HP_0001440,Metatarsal synostosis,http://purl.obolibrary.org/obo/HP_0010073,Synostosis involving the 1st metatarsal,hp.owl,hp_no_uberon.owl,o_not_o2,
http://purl.obolibrary.org/obo/HP_0004010,Small radial epiphyses,http://purl.obolibrary.org/obo/HP_0006386,Hypoplastic distal radial epiphyses,hp.owl,hp_no_uberon.owl,o_not_o2,
http://purl.obolibrary.org/obo/HP_0010192,Triangular shaped distal phalanges of the toes,http://purl.obolibrary.org/obo/HP_0010420,Triangular shaped distal phalanx of the 2nd toe,hp.owl,hp_no_uberon.owl,o_not_o2,
http://purl.obolibrary.org/obo/HP_0040066,Abnormal morphology of bones of the lower limbs,http://purl.obolibrary.org/obo/HP_0010159,Triangular epiphysis of the 1st metatarsal,hp.owl,hp_no_uberon.owl,o_not_o2,
http://purl.obolibrary.org/obo/HP_0040066,Abnormal morphology of bones of the lower limbs,http://purl.obolibrary.org/obo/HP_0010157,Small epiphysis of the 1st metatarsal,hp.owl,hp_no_uberon.owl,o_not_o2,
http://purl.obolibrary.org/obo/HP_0003037,Enlarged joints,http://purl.obolibrary.org/obo/HP_0003183,Wide pubic symphysis,hp.owl,hp_no_uberon.owl,o_not_o2,
http://purl.obolibrary.org/obo/HP_0100491,Abnormality of lower limb joint,http://purl.obolibrary.org/obo/HP_0025004,Hallux rigidus,hp.owl,hp_no_uberon.owl,o_not_o2,
http://purl.obolibrary.org/obo/HP_0031816,Abnormal oral morphology,http://purl.obolibrary.org/obo/HP_0040309,Increased size of the mandible,hp.owl,hp_no_uberon.owl,o_not_o2,
http://purl.obolibrary.org/obo/HP_0001291,Abnormal cranial nerve morphology,http://purl.obolibrary.org/obo/HP_3000075,Abnormal lingual nerve morphology,hp.owl,hp_no_uberon.owl,o_not_o2,
http://purl.obolibrary.org/obo/HP_0010211,Duplication of proximal phalanx of toe,http://purl.obolibrary.org/obo/HP_0010094,Complete duplication of the proximal phalanx of the hallux,hp.owl,hp_no_uberon.owl,o_not_o2,
http://purl.obolibrary.org/obo/HP_0008103,Delayed tarsal ossification,http://purl.obolibrary.org/obo/HP_0011836,Delayed talus ossification,hp.owl,hp_no_uberon.owl,o_not_o2,
http://purl.obolibrary.org/obo/HP_0005262,Abnormality of the synovia,http://purl.obolibrary.org/obo/HP_0010345,Flexion contracture of the 5th toe,hp.owl,hp_no_uberon.owl,o_not_o2,
http://purl.obolibrary.org/obo/HP_0002157,Azotemia,http://purl.obolibrary.org/obo/HP_0410052,Increased level of allantoin in serum,hp.owl,hp_no_uberon.owl,o_not_o2,
http://purl.obolibrary.org/obo/HP_0000152,Abnormality of head or neck,http://purl.obolibrary.org/obo/HP_0410273,Retropharyngeal hemangioma,hp.owl,hp_no_uberon.owl,o_not_o2,
http://purl.obolibrary.org/obo/HP_0002157,Azotemia,http://purl.obolibrary.org/obo/HP_0410053,Increased level of GABA in serum,hp.owl,hp_no_uberon.owl,o_not_o2,
http://purl.obolibrary.org/obo/HP_0000600,Abnormality of the pharynx,http://purl.obolibrary.org/obo/HP_0100765,Abnormality of the tonsils,hp.owl,hp_no_uberon.owl,o_not_o2,
http://purl.obolibrary.org/obo/HP_0005913,Abnormality of metacarpal epiphyses,http://purl.obolibrary.org/obo/HP_0010224,Abnormality of the epiphysis of the 4th metacarpal,hp.owl,hp_no_uberon.owl,o_not_o2,
http://purl.obolibrary.org/obo/HP_0011885,Hemorrhage of the eye,http://purl.obolibrary.org/obo/HP_0031803,Fundus hemorrhage,hp.owl,hp_no_uberon.owl,o_not_o2,
http://purl.obolibrary.org/obo/HP_0002152,Hyperproteinemia,http://purl.obolibrary.org/obo/HP_0003165,Elevated circulating parathyroid hormone level,hp.owl,hp_no_uberon.owl,o_not_o2,
http://purl.obolibrary.org/obo/HP_0005913,Abnormality of metacarpal epiphyses,http://purl.obolibrary.org/obo/HP_0010220,Abnormality of the epiphysis of the 2nd metacarpal,hp.owl,hp_no_uberon.owl,o_not_o2,
http://purl.obolibrary.org/obo/HP_0000153,Abnormality of the mouth,http://purl.obolibrary.org/obo/HP_0000277,Abnormality of the mandible,hp.owl,hp_no_uberon.owl,o_not_o2,
http://purl.obolibrary.org/obo/HP_0100500,Fibular deviation of toes,http://purl.obolibrary.org/obo/HP_0100346,Fibular deviation of the 5th toe,hp.owl,hp_no_uberon.owl,o_not_o2,
http://purl.obolibrary.org/obo/HP_0001421,Abnormality of the musculature of the hand,http://purl.obolibrary.org/obo/HP_0007181,Interosseus muscle atrophy,hp.owl,hp_no_uberon.owl,o_not_o2,
http://purl.obolibrary.org/obo/HP_0005262,Abnormality of the synovia,http://purl.obolibrary.org/obo/HP_0010339,Flexion contracture of the 4th toe,hp.owl,hp_no_uberon.owl,o_not_o2,
http://purl.obolibrary.org/obo/HP_0003635,Loss of subcutaneous adipose tissue in limbs,http://purl.obolibrary.org/obo/HP_0009017,Loss of gluteal subcutaneous adipose tissue,hp.owl,hp_no_uberon.owl,o_not_o2,
http://purl.obolibrary.org/obo/HP_0005773,Short forearm,http://purl.obolibrary.org/obo/HP_0003022,Hypoplasia of the ulna,hp.owl,hp_no_uberon.owl,o_not_o2,
http://purl.obolibrary.org/obo/HP_0003549,Abnormality of connective tissue,http://purl.obolibrary.org/obo/HP_0002753,Thin bony cortex,hp.owl,hp_no_uberon.owl,o_not_o2,
http://purl.obolibrary.org/obo/HP_0010207,Osteolytic defect of the proximal toe phalanx,http://purl.obolibrary.org/obo/HP_0010089,Osteolytic defects of the proximal phalanx of the hallux,hp.owl,hp_no_uberon.owl,o_not_o2,
http://purl.obolibrary.org/obo/HP_0003690,Limb muscle weakness,http://purl.obolibrary.org/obo/HP_0003392,First dorsal interossei muscle weakness,hp.owl,hp_no_uberon.owl,o_not_o2,
http://purl.obolibrary.org/obo/HP_0005262,Abnormality of the synovia,http://purl.obolibrary.org/obo/HP_0010212,Flexion contracture of the hallux,hp.owl,hp_no_uberon.owl,o_not_o2,
http://purl.obolibrary.org/obo/HP_0005262,Abnormality of the synovia,http://purl.obolibrary.org/obo/HP_0010333,Flexion contracture of 3rd toe,hp.owl,hp_no_uberon.owl,o_not_o2,
http://purl.obolibrary.org/obo/HP_0005922,Abnormal hand morphology,http://purl.obolibrary.org/obo/HP_0010487,Small hypothenar eminence,hp.owl,hp_no_uberon.owl,o_not_o2,
http://purl.obolibrary.org/obo/HP_0005344,Abnormal carotid artery morphology,http://purl.obolibrary.org/obo/HP_3000074,Abnormal lingual artery morphology,hp.owl,hp_no_uberon.owl,o_not_o2,
http://purl.obolibrary.org/obo/HP_0000674,Anodontia,http://purl.obolibrary.org/obo/HP_0012738,Agenesis of canine,hp.owl,hp_no_uberon.owl,o_not_o2,
http://purl.obolibrary.org/obo/HP_0030813,Absent tonsils,http://purl.obolibrary.org/obo/HP_0040259,Aplastic nasopharyngeal adenoids,hp.owl,hp_no_uberon.owl,o_not_o2,
http://purl.obolibrary.org/obo/HP_0010187,Bullet-shaped distal toe phalanx,http://purl.obolibrary.org/obo/HP_0010415,Bullet-shaped distal phalanx of the 2nd toe,hp.owl,hp_no_uberon.owl,o_not_o2,
http://purl.obolibrary.org/obo/HP_0011911,Abnormality of metacarpophalangeal joint,http://purl.obolibrary.org/obo/HP_0009470,Contracture of the metacarpophalangeal joint of the 3rd finger,hp.owl,hp_no_uberon.owl,o_not_o2,
http://purl.obolibrary.org/obo/HP_0040286,Abnormality of axial muscles,http://purl.obolibrary.org/obo/HP_0001540,Diastasis recti,hp.owl,hp_no_uberon.owl,o_not_o2,
http://purl.obolibrary.org/obo/HP_0011121,Abnormality of skin morphology,http://purl.obolibrary.org/obo/HP_0001806,Onycholysis,hp.owl,hp_no_uberon.owl,o_not_o2,
http://purl.obolibrary.org/obo/HP_0030812,Enlarged tonsils,http://purl.obolibrary.org/obo/HP_0040261,Increased size of nasopharyngeal adenoids,hp.owl,hp_no_uberon.owl,o_not_o2,
http://purl.obolibrary.org/obo/HP_0005262,Abnormality of the synovia,http://purl.obolibrary.org/obo/HP_0010327,Flexion contracture of the 2nd toe,hp.owl,hp_no_uberon.owl,o_not_o2,
http://purl.obolibrary.org/obo/HP_0003278,Square pelvis bone,http://purl.obolibrary.org/obo/HP_0003177,Squared iliac bones,hp.owl,hp_no_uberon.owl,o_not_o2,
http://purl.obolibrary.org/obo/HP_0003549,Abnormality of connective tissue,http://purl.obolibrary.org/obo/HP_0003846,Wide epiphyseal plates of the upper limbs,hp.owl,hp_no_uberon.owl,o_not_o2,
http://purl.obolibrary.org/obo/HP_0002977,Aplasia/Hypoplasia involving the central nervous system,http://purl.obolibrary.org/obo/HP_0010654,Aplasia of the falx cerebri,hp.owl,hp_no_uberon.owl,o_not_o2,
http://purl.obolibrary.org/obo/HP_0003330,Abnormal bone structure,http://purl.obolibrary.org/obo/HP_0004589,Dysplasia of second lumbar vertebra,hp.owl,hp_no_uberon.owl,o_not_o2,
http://purl.obolibrary.org/obo/HP_0100917,Sclerosis of proximal finger phalanx,http://purl.obolibrary.org/obo/HP_0100913,Sclerosis of the proximal phalanx of the thumb,hp.owl,hp_no_uberon.owl,o_not_o2,
http://purl.obolibrary.org/obo/HP_0010273,Irregular epiphyses of the proximal phalanges of the hand,http://purl.obolibrary.org/obo/HP_0009669,Irregular epiphysis of the proximal phalanx of the thumb,hp.owl,hp_no_uberon.owl,o_not_o2,
http://purl.obolibrary.org/obo/HP_0031816,Abnormal oral morphology,http://purl.obolibrary.org/obo/HP_0012801,Narrow jaw,hp.owl,hp_no_uberon.owl,o_not_o2,
http://purl.obolibrary.org/obo/HP_0031816,Abnormal oral morphology,http://purl.obolibrary.org/obo/HP_0012802,Broad jaw,hp.owl,hp_no_uberon.owl,o_not_o2,
http://purl.obolibrary.org/obo/HP_0005922,Abnormal hand morphology,http://purl.obolibrary.org/obo/HP_0007181,Interosseus muscle atrophy,hp.owl,hp_no_uberon.owl,o_not_o2,
http://purl.obolibrary.org/obo/HP_0040290,Abnormality of skeletal muscles,http://purl.obolibrary.org/obo/HP_0003427,Thenar muscle weakness,hp.owl,hp_no_uberon.owl,o_not_o2,
http://purl.obolibrary.org/obo/HP_0000008,Abnormality of female internal genitalia,http://purl.obolibrary.org/obo/HP_0030394,Fallopian tube carcinoma,hp.owl,hp_no_uberon.owl,o_not_o2,
http://purl.obolibrary.org/obo/HP_0008830,Hypoplastic pubic rami,http://purl.obolibrary.org/obo/HP_0008823,Hypoplastic inferior pubic rami,hp.owl,hp_no_uberon.owl,o_not_o2,
http://purl.obolibrary.org/obo/HP_0010270,Cone-shaped epiphyses of the proximal phalanges of the hand,http://purl.obolibrary.org/obo/HP_0009666,Cone-shaped epiphysis of the proximal phalanx of the thumb,hp.owl,hp_no_uberon.owl,o_not_o2,
http://purl.obolibrary.org/obo/HP_0000271,Abnormality of the face,http://purl.obolibrary.org/obo/HP_3000032,Abnormality of central retinal artery,hp.owl,hp_no_uberon.owl,o_not_o2,
http://purl.obolibrary.org/obo/HP_0009851,Aplasia/Hypoplasia of the proximal phalanges of the hand,http://purl.obolibrary.org/obo/HP_0009629,Aplasia/Hypoplasia of the proximal phalanx of the thumb,hp.owl,hp_no_uberon.owl,o_not_o2,
http://purl.obolibrary.org/obo/HP_0410015,Abnormality of ganglion of peripheral nervous system,http://purl.obolibrary.org/obo/HP_3000025,Abnormality of ciliary ganglion,hp.owl,hp_no_uberon.owl,o_not_o2,
http://purl.obolibrary.org/obo/HP_0011338,Abnormality of mouth shape,http://purl.obolibrary.org/obo/HP_0011083,Conical maxillary incisor,hp.owl,hp_no_uberon.owl,o_not_o2,
http://purl.obolibrary.org/obo/HP_0004037,Abnormality of the ulnar epiphyses,http://purl.obolibrary.org/obo/HP_0004032,Abnormality of the olecranon,hp.owl,hp_no_uberon.owl,o_not_o2,
http://purl.obolibrary.org/obo/HP_0010198,Osteolytic defects of the middle phalanges of the toes,http://purl.obolibrary.org/obo/HP_0010408,Osteolytic defects of the middle phalanx of the 2nd toe,hp.owl,hp_no_uberon.owl,o_not_o2,
http://purl.obolibrary.org/obo/HP_0003468,Abnormal vertebral morphology,http://purl.obolibrary.org/obo/HP_0003311,Hypoplasia of the odontoid process,hp.owl,hp_no_uberon.owl,o_not_o2,
http://purl.obolibrary.org/obo/HP_0003549,Abnormality of connective tissue,http://purl.obolibrary.org/obo/HP_0000679,Taurodontia,hp.owl,hp_no_uberon.owl,o_not_o2,
http://www.w3.org/2002/07/owl#Nothing,Nothing,http://www.w3.org/2002/07/owl#Nothing,Nothing,hp.owl,hp_no_uberon.owl,unsat_both,
http://purl.obolibrary.org/obo/HP_0100500,Fibular deviation of toes,http://purl.obolibrary.org/obo/HP_0100340,Fibular deviation of the 4th toe,hp.owl,hp_no_uberon.owl,o_not_o2,
http://purl.obolibrary.org/obo/HP_0006493,Aplasia/hypoplasia involving bones of the lower limbs,http://purl.obolibrary.org/obo/HP_0009104,Aplasia/Hypoplasia of the pubic bone,hp.owl,hp_no_uberon.owl,o_not_o2,
http://purl.obolibrary.org/obo/HP_0005262,Abnormality of the synovia,http://purl.obolibrary.org/obo/HP_0009319,Joint contracture of the 3rd finger,hp.owl,hp_no_uberon.owl,o_not_o2,
http://purl.obolibrary.org/obo/HP_0006392,Increased density of long bones,http://purl.obolibrary.org/obo/HP_0009267,Ivory epiphysis of the proximal phalanx of the 4th finger,hp.owl,hp_no_uberon.owl,o_not_o2,
http://purl.obolibrary.org/obo/HP_0000600,Abnormality of the pharynx,http://purl.obolibrary.org/obo/HP_0005483,Abnormal epiglottis morphology,hp.owl,hp_no_uberon.owl,o_not_o2,
http://purl.obolibrary.org/obo/HP_0010271,Enlarged epiphyses of the proximal phalanges of the hand,http://purl.obolibrary.org/obo/HP_0009667,Enlarged epiphysis of the proximal phalanx of the thumb,hp.owl,hp_no_uberon.owl,o_not_o2,
http://purl.obolibrary.org/obo/HP_0100500,Fibular deviation of toes,http://purl.obolibrary.org/obo/HP_0100344,Fibular deviation of the 2nd toe,hp.owl,hp_no_uberon.owl,o_not_o2,
http://purl.obolibrary.org/obo/HP_0045008,Abnormal shape of the radius,http://purl.obolibrary.org/obo/HP_0003996,Flattened radial head,hp.owl,hp_no_uberon.owl,o_not_o2,
http://purl.obolibrary.org/obo/HP_0011338,Abnormality of mouth shape,http://purl.obolibrary.org/obo/HP_0000193,Bifid uvula,hp.owl,hp_no_uberon.owl,o_not_o2,
http://purl.obolibrary.org/obo/HP_0100500,Fibular deviation of toes,http://purl.obolibrary.org/obo/HP_0100342,Fibular deviation of the 3rd toe,hp.owl,hp_no_uberon.owl,o_not_o2,
http://purl.obolibrary.org/obo/HP_0005922,Abnormal hand morphology,http://purl.obolibrary.org/obo/HP_0011302,Long palm,hp.owl,hp_no_uberon.owl,o_not_o2,
http://purl.obolibrary.org/obo/HP_0025439,Pharyngitis,http://purl.obolibrary.org/obo/HP_0011110,Tonsillitis,hp.owl,hp_no_uberon.owl,o_not_o2,
