sub_iri,o1,o2,sub_label,category,super_iri,super_label,
http://purl.obolibrary.org/obo/UPHENO_0001002,hp.owl,hp_no_extra_no_roextra.owl,abnormal phenotype,o_not_o2,http://purl.obolibrary.org/obo/HP_0000118,Phenotypic abnormality,
http://purl.obolibrary.org/obo/HP_0008785,hp.owl,hp_no_extra_no_roextra.owl,Delayed ossification of pubic rami,o_not_o2,http://purl.obolibrary.org/obo/HP_0008788,Delayed pubic bone ossification,
http://purl.obolibrary.org/obo/HP_0011766,hp.owl,hp_no_extra_no_roextra.owl,Abnormality of the parathyroid morphology,o_not_o2,http://purl.obolibrary.org/obo/HP_0031071,Abnormal endocrine morphology,
http://purl.obolibrary.org/obo/HP_0000775,hp.owl,hp_no_extra_no_roextra.owl,Abnormality of the diaphragm,o_not_o2,http://purl.obolibrary.org/obo/HP_0040290,Abnormality of skeletal muscles,
http://purl.obolibrary.org/obo/HP_0001291,hp.owl,hp_no_extra_no_roextra.owl,Abnormal cranial nerve morphology,o_not_o2,http://purl.obolibrary.org/obo/HP_0000234,Abnormality of the head,
http://purl.obolibrary.org/obo/HP_0004207,hp.owl,hp_no_extra_no_roextra.owl,Abnormal 5th finger morphology,o_not_o2,http://purl.obolibrary.org/obo/HP_0005922,Abnormal hand morphology,
http://purl.obolibrary.org/obo/HP_0004253,hp.owl,hp_no_extra_no_roextra.owl,Absent trapezium,o_not_o2,http://purl.obolibrary.org/obo/HP_0009823,Aplasia involving bones of the upper limbs,
http://purl.obolibrary.org/obo/HP_0002480,hp.owl,hp_no_extra_no_roextra.owl,Hepatic encephalopathy,o_not_o2,http://purl.obolibrary.org/obo/HP_0001392,Abnormality of the liver,
http://purl.obolibrary.org/obo/HP_0012700,hp.owl,hp_no_extra_no_roextra.owl,Abnormal large intestine physiology,o_not_o2,http://purl.obolibrary.org/obo/HP_0002012,Abnormality of the abdominal organs,
http://purl.obolibrary.org/obo/HP_0009735,hp.owl,hp_no_extra_no_roextra.owl,Spinal neurofibromas,o_not_o2,http://purl.obolibrary.org/obo/HP_0000925,Abnormality of the vertebral column,
http://purl.obolibrary.org/obo/HP_0003887,hp.owl,hp_no_extra_no_roextra.owl,Abnormality of the humeral heads,o_not_o2,http://purl.obolibrary.org/obo/HP_0003891,Abnormality of the humeral epiphysis,
http://purl.obolibrary.org/obo/HP_0012424,hp.owl,hp_no_extra_no_roextra.owl,Chorioretinitis,o_not_o2,http://purl.obolibrary.org/obo/HP_0100533,Inflammatory abnormality of the eye,
http://purl.obolibrary.org/obo/HP_0006477,hp.owl,hp_no_extra_no_roextra.owl,Abnormality of the alveolar ridges,o_not_o2,http://purl.obolibrary.org/obo/HP_0000924,Abnormality of the skeletal system,
http://purl.obolibrary.org/obo/HP_0008953,hp.owl,hp_no_extra_no_roextra.owl,Pectoralis major hypoplasia,o_not_o2,http://purl.obolibrary.org/obo/HP_0008952,Shoulder muscle hypoplasia,
http://purl.obolibrary.org/obo/HP_0040059,hp.owl,hp_no_extra_no_roextra.owl,Calcification of ribs,o_not_o2,http://purl.obolibrary.org/obo/HP_0011844,Abnormal appendicular skeleton morphology,
http://purl.obolibrary.org/obo/HP_0000419,hp.owl,hp_no_extra_no_roextra.owl,Abnormality of the nasal septum,o_not_o2,http://purl.obolibrary.org/obo/HP_0010937,Abnormality of the nasal skeleton,
http://purl.obolibrary.org/obo/HP_0006179,hp.owl,hp_no_extra_no_roextra.owl,Pseudoepiphyses of second metacarpal,o_not_o2,http://purl.obolibrary.org/obo/HP_0010010,Abnormality of the 2nd metacarpal,
http://purl.obolibrary.org/obo/HP_0025004,hp.owl,hp_no_extra_no_roextra.owl,Hallux rigidus,o_not_o2,http://purl.obolibrary.org/obo/HP_0005262,Abnormality of the synovia,
http://purl.obolibrary.org/obo/HP_0008303,hp.owl,hp_no_extra_no_roextra.owl,Olivary degeneration,o_not_o2,http://purl.obolibrary.org/obo/HP_0002180,Neurodegeneration,
http://purl.obolibrary.org/obo/HP_0002679,hp.owl,hp_no_extra_no_roextra.owl,Abnormality of the sella turcica,o_not_o2,http://purl.obolibrary.org/obo/HP_0000271,Abnormality of the face,
http://purl.obolibrary.org/obo/HP_0003756,hp.owl,hp_no_extra_no_roextra.owl,Skeletal myopathy,o_not_o2,http://purl.obolibrary.org/obo/HP_0000924,Abnormality of the skeletal system,
http://purl.obolibrary.org/obo/HP_0006028,hp.owl,hp_no_extra_no_roextra.owl,Metaphyseal cupping of metacarpals,o_not_o2,http://purl.obolibrary.org/obo/HP_0001163,Abnormality of the metacarpal bones,
http://purl.obolibrary.org/obo/HP_0001172,hp.owl,hp_no_extra_no_roextra.owl,Abnormal thumb morphology,o_not_o2,http://purl.obolibrary.org/obo/HP_0005922,Abnormal hand morphology,
http://purl.obolibrary.org/obo/HP_0007374,hp.owl,hp_no_extra_no_roextra.owl,Atrophy/Degeneration involving the caudate nucleus,o_not_o2,http://purl.obolibrary.org/obo/HP_0007369,Atrophy/Degeneration affecting the cerebrum,
http://purl.obolibrary.org/obo/HP_0009537,hp.owl,hp_no_extra_no_roextra.owl,Flexion contracture of the 2nd finger,o_not_o2,http://purl.obolibrary.org/obo/HP_0005262,Abnormality of the synovia,
http://purl.obolibrary.org/obo/HP_0011389,hp.owl,hp_no_extra_no_roextra.owl,Functional abnormality of the inner ear,o_not_o2,http://purl.obolibrary.org/obo/HP_0031704,Abnormal ear physiology,
http://purl.obolibrary.org/obo/HP_0005745,hp.owl,hp_no_extra_no_roextra.owl,Congenital foot contractures,o_not_o2,http://purl.obolibrary.org/obo/HP_0001760,Abnormality of the foot,
http://purl.obolibrary.org/obo/HP_0002926,hp.owl,hp_no_extra_no_roextra.owl,Abnormality of thyroid physiology,o_not_o2,http://purl.obolibrary.org/obo/HP_0031072,Abnormal endocrine physiology,
http://purl.obolibrary.org/obo/HP_0009277,hp.owl,hp_no_extra_no_roextra.owl,Contracture of the metacarpophalangeal joint of the 4th finger,o_not_o2,http://purl.obolibrary.org/obo/HP_0011911,Abnormality of metacarpophalangeal joint,
http://purl.obolibrary.org/obo/HP_0008963,hp.owl,hp_no_extra_no_roextra.owl,Tibialis muscle weakness,o_not_o2,http://purl.obolibrary.org/obo/HP_0001430,Abnormality of the calf musculature,
http://purl.obolibrary.org/obo/HP_0010031,hp.owl,hp_no_extra_no_roextra.owl,Patchy sclerosis of the 1st metacarpal,o_not_o2,http://purl.obolibrary.org/obo/HP_0004286,Patchy sclerosis of hand bones,
http://purl.obolibrary.org/obo/HP_0100176,hp.owl,hp_no_extra_no_roextra.owl,Pseudoepiphysis of the distal phalanx of the 4th toe,o_not_o2,http://purl.obolibrary.org/obo/HP_0010380,Abnormality of the distal phalanx of the 4th toe,
http://purl.obolibrary.org/obo/HP_0011728,hp.owl,hp_no_extra_no_roextra.owl,Elbow clonus,o_not_o2,http://purl.obolibrary.org/obo/HP_0005262,Abnormality of the synovia,
http://purl.obolibrary.org/obo/HP_0011508,hp.owl,hp_no_extra_no_roextra.owl,Macular hole,o_not_o2,http://purl.obolibrary.org/obo/HP_0000359,Abnormality of the inner ear,
http://purl.obolibrary.org/obo/HP_0007387,hp.owl,hp_no_extra_no_roextra.owl,Hypoplastic sweat glands,o_not_o2,http://purl.obolibrary.org/obo/HP_0011121,Abnormality of skin morphology,
http://purl.obolibrary.org/obo/HP_0031910,hp.owl,hp_no_extra_no_roextra.owl,Abnormal cranial nerve physiology,o_not_o2,http://purl.obolibrary.org/obo/HP_0000234,Abnormality of the head,
http://purl.obolibrary.org/obo/HP_0040165,hp.owl,hp_no_extra_no_roextra.owl,Periostitis,o_not_o2,http://purl.obolibrary.org/obo/HP_0002754,Osteomyelitis,
http://purl.obolibrary.org/obo/HP_0040011,hp.owl,hp_no_extra_no_roextra.owl,Flat posterior fossa,o_not_o2,http://purl.obolibrary.org/obo/HP_0002648,Abnormality of calvarial morphology,
http://purl.obolibrary.org/obo/HP_0430003,hp.owl,hp_no_extra_no_roextra.owl,Abnormality of the palatine bone,o_not_o2,http://purl.obolibrary.org/obo/HP_0000153,Abnormality of the mouth,
http://purl.obolibrary.org/obo/HP_0002219,hp.owl,hp_no_extra_no_roextra.owl,Facial hypertrichosis,o_not_o2,http://purl.obolibrary.org/obo/HP_0000271,Abnormality of the face,
http://purl.obolibrary.org/obo/HP_0001231,hp.owl,hp_no_extra_no_roextra.owl,Abnormality of the fingernails,o_not_o2,http://purl.obolibrary.org/obo/HP_0001155,Abnormality of the hand,
http://purl.obolibrary.org/obo/HP_0100360,hp.owl,hp_no_extra_no_roextra.owl,Contractures of the joints of the upper limbs,o_not_o2,http://purl.obolibrary.org/obo/HP_0040064,Abnormality of limbs,
http://purl.obolibrary.org/obo/HP_0001597,hp.owl,hp_no_extra_no_roextra.owl,Abnormality of the nail,o_not_o2,http://purl.obolibrary.org/obo/HP_0040064,Abnormality of limbs,
http://purl.obolibrary.org/obo/HP_0012643,hp.owl,hp_no_extra_no_roextra.owl,Foveal hypopigmentation,o_not_o2,http://purl.obolibrary.org/obo/HP_0007988,Macular hypopigmentation,
http://purl.obolibrary.org/obo/HP_0006106,hp.owl,hp_no_extra_no_roextra.owl,Absent trapezoid bone,o_not_o2,http://purl.obolibrary.org/obo/HP_0009823,Aplasia involving bones of the upper limbs,
http://purl.obolibrary.org/obo/HP_0006106,hp.owl,hp_no_extra_no_roextra.owl,Absent trapezoid bone,o_not_o2,http://purl.obolibrary.org/obo/HP_0005927,Aplasia/hypoplasia involving bones of the hand,
http://purl.obolibrary.org/obo/HP_0100187,hp.owl,hp_no_extra_no_roextra.owl,Pseudoepiphysis of the middle phalanx of the 4th toe,o_not_o2,http://purl.obolibrary.org/obo/HP_0010381,Abnormality of the middle phalanx of the 4th toe,
http://purl.obolibrary.org/obo/HP_0003995,hp.owl,hp_no_extra_no_roextra.owl,Abnormality of the radial head,o_not_o2,http://purl.obolibrary.org/obo/HP_0009811,Abnormality of the elbow,
http://purl.obolibrary.org/obo/HP_0008114,hp.owl,hp_no_extra_no_roextra.owl,Metatarsal diaphyseal endosteal sclerosis,o_not_o2,http://purl.obolibrary.org/obo/HP_0003034,Diaphyseal sclerosis,
http://purl.obolibrary.org/obo/HP_0012429,hp.owl,hp_no_extra_no_roextra.owl,Aplasia/Hypoplasia of the cerebral white matter,o_not_o2,http://purl.obolibrary.org/obo/HP_0002977,Aplasia/Hypoplasia involving the central nervous system,
http://purl.obolibrary.org/obo/HP_0005109,hp.owl,hp_no_extra_no_roextra.owl,Abnormality of the Achilles tendon,o_not_o2,http://purl.obolibrary.org/obo/HP_0040290,Abnormality of skeletal muscles,
http://purl.obolibrary.org/obo/HP_0001216,hp.owl,hp_no_extra_no_roextra.owl,Delayed ossification of carpal bones,o_not_o2,http://purl.obolibrary.org/obo/HP_0004052,Delayed ossification of the hand bones,
http://purl.obolibrary.org/obo/HP_0000775,hp.owl,hp_no_extra_no_roextra.owl,Abnormality of the diaphragm,o_not_o2,http://purl.obolibrary.org/obo/HP_0009131,Abnormality of the musculature of the thorax,
http://purl.obolibrary.org/obo/HP_0410167,hp.owl,hp_no_extra_no_roextra.owl,Abnormality of the chest musculature,o_not_o2,http://purl.obolibrary.org/obo/HP_0040290,Abnormality of skeletal muscles,
http://purl.obolibrary.org/obo/HP_0010120,hp.owl,hp_no_extra_no_roextra.owl,Pseudoepiphyses of the hallux,o_not_o2,http://purl.obolibrary.org/obo/HP_0010057,Abnormality of the phalanges of the hallux,
http://purl.obolibrary.org/obo/HP_0000265,hp.owl,hp_no_extra_no_roextra.owl,Mastoiditis,o_not_o2,http://purl.obolibrary.org/obo/HP_0002754,Osteomyelitis,
http://purl.obolibrary.org/obo/HP_0410168,hp.owl,hp_no_extra_no_roextra.owl,Abnormality of the back musculature,o_not_o2,http://purl.obolibrary.org/obo/HP_0040290,Abnormality of skeletal muscles,
http://purl.obolibrary.org/obo/HP_0010145,hp.owl,hp_no_extra_no_roextra.owl,Pseudoepiphysis of the distal phalanx of the hallux,o_not_o2,http://purl.obolibrary.org/obo/HP_0010053,Abnormality of the distal phalanx of the hallux,
http://purl.obolibrary.org/obo/HP_0011957,hp.owl,hp_no_extra_no_roextra.owl,Abnormality of the pectoral muscle,o_not_o2,http://purl.obolibrary.org/obo/HP_0001435,Abnormality of the shoulder girdle musculature,
http://purl.obolibrary.org/obo/HP_0007385,hp.owl,hp_no_extra_no_roextra.owl,Aplasia cutis congenita of scalp,o_not_o2,http://purl.obolibrary.org/obo/HP_0001965,Abnormality of the scalp,
http://purl.obolibrary.org/obo/HP_0030935,hp.owl,hp_no_extra_no_roextra.owl,Abnormality of intestinal smooth muscle morphology,o_not_o2,http://purl.obolibrary.org/obo/HP_0003011,Abnormality of the musculature,
http://purl.obolibrary.org/obo/HP_0009759,hp.owl,hp_no_extra_no_roextra.owl,Neck pterygia,o_not_o2,http://purl.obolibrary.org/obo/HP_0000464,Abnormality of the neck,
http://purl.obolibrary.org/obo/HP_0009183,hp.owl,hp_no_extra_no_roextra.owl,Joint contracture of the 5th finger,o_not_o2,http://purl.obolibrary.org/obo/HP_0005262,Abnormality of the synovia,
http://purl.obolibrary.org/obo/HP_0004936,hp.owl,hp_no_extra_no_roextra.owl,Venous thrombosis,o_not_o2,http://purl.obolibrary.org/obo/HP_0002597,Abnormality of the vasculature,
http://purl.obolibrary.org/obo/HP_0000769,hp.owl,hp_no_extra_no_roextra.owl,Abnormality of the breast,o_not_o2,http://purl.obolibrary.org/obo/HP_0000765,Abnormality of the thorax,
http://purl.obolibrary.org/obo/HP_0000306,hp.owl,hp_no_extra_no_roextra.owl,Abnormality of the chin,o_not_o2,http://purl.obolibrary.org/obo/HP_0000153,Abnormality of the mouth,
http://purl.obolibrary.org/obo/HP_0000926,hp.owl,hp_no_extra_no_roextra.owl,Platyspondyly,o_not_o2,http://purl.obolibrary.org/obo/HP_0010674,Abnormality of the curvature of the vertebral column,
http://purl.obolibrary.org/obo/HP_0002037,hp.owl,hp_no_extra_no_roextra.owl,Inflammation of the large intestine,o_not_o2,http://purl.obolibrary.org/obo/HP_0004387,Enterocolitis,
http://purl.obolibrary.org/obo/HP_0031947,hp.owl,hp_no_extra_no_roextra.owl,Tongue tremor,o_not_o2,http://purl.obolibrary.org/obo/HP_0000157,Abnormality of the tongue,
http://purl.obolibrary.org/obo/HP_0008049,hp.owl,hp_no_extra_no_roextra.owl,Abnormality of the extraocular muscles,o_not_o2,http://purl.obolibrary.org/obo/HP_0040290,Abnormality of skeletal muscles,
http://purl.obolibrary.org/obo/HP_0012785,hp.owl,hp_no_extra_no_roextra.owl,Flexion contracture of finger,o_not_o2,http://purl.obolibrary.org/obo/HP_0001167,Abnormality of finger,
http://purl.obolibrary.org/obo/HP_0008776,hp.owl,hp_no_extra_no_roextra.owl,Abnormal renal artery morphology,o_not_o2,http://purl.obolibrary.org/obo/HP_0001679,Abnormal aortic morphology,
http://purl.obolibrary.org/obo/HP_0009186,hp.owl,hp_no_extra_no_roextra.owl,Contracture of the metacarpophalangeal joint of the 5th finger,o_not_o2,http://purl.obolibrary.org/obo/HP_0011911,Abnormality of metacarpophalangeal joint,
http://purl.obolibrary.org/obo/HP_0006014,hp.owl,hp_no_extra_no_roextra.owl,Abnormally shaped carpal bones,o_not_o2,http://purl.obolibrary.org/obo/HP_0005922,Abnormal hand morphology,
http://purl.obolibrary.org/obo/HP_0031816,hp.owl,hp_no_extra_no_roextra.owl,Abnormal oral morphology,o_not_o2,http://purl.obolibrary.org/obo/HP_0025033,Abnormality of digestive system morphology,
http://purl.obolibrary.org/obo/HP_0100282,hp.owl,hp_no_extra_no_roextra.owl,Acute colitis,o_not_o2,http://purl.obolibrary.org/obo/HP_0004387,Enterocolitis,
http://purl.obolibrary.org/obo/HP_0100198,hp.owl,hp_no_extra_no_roextra.owl,Pseudoepiphysis of the proximal phalanx of the 4th toe,o_not_o2,http://purl.obolibrary.org/obo/HP_0010382,Abnormality of the proximal phalanx of the 4th toe,
http://purl.obolibrary.org/obo/HP_0100281,hp.owl,hp_no_extra_no_roextra.owl,Chronic colitis,o_not_o2,http://purl.obolibrary.org/obo/HP_0004387,Enterocolitis,
http://purl.obolibrary.org/obo/HP_0004796,hp.owl,hp_no_extra_no_roextra.owl,Gastrointestinal obstruction,o_not_o2,http://purl.obolibrary.org/obo/HP_0025033,Abnormality of digestive system morphology,
http://purl.obolibrary.org/obo/HP_0005463,hp.owl,hp_no_extra_no_roextra.owl,Elongated sella turcica,o_not_o2,http://purl.obolibrary.org/obo/HP_0002648,Abnormality of calvarial morphology,
http://purl.obolibrary.org/obo/HP_0012762,hp.owl,hp_no_extra_no_roextra.owl,Cerebral white matter atrophy,o_not_o2,http://purl.obolibrary.org/obo/HP_0007369,Atrophy/Degeneration affecting the cerebrum,
http://purl.obolibrary.org/obo/HP_0012882,hp.owl,hp_no_extra_no_roextra.owl,Hyperplastic labia majora,o_not_o2,http://purl.obolibrary.org/obo/HP_0011121,Abnormality of skin morphology,
http://purl.obolibrary.org/obo/HP_0009600,hp.owl,hp_no_extra_no_roextra.owl,Flexion contracture of thumb,o_not_o2,http://purl.obolibrary.org/obo/HP_0005262,Abnormality of the synovia,
http://purl.obolibrary.org/obo/HP_0009625,hp.owl,hp_no_extra_no_roextra.owl,Contractures of the metacarpophalangeal joint of the thumb,o_not_o2,http://purl.obolibrary.org/obo/HP_0011911,Abnormality of metacarpophalangeal joint,
http://purl.obolibrary.org/obo/HP_0009107,hp.owl,hp_no_extra_no_roextra.owl,Abnormal ossification involving the femoral head and neck,o_not_o2,http://purl.obolibrary.org/obo/HP_0010656,Abnormal epiphyseal ossification,
http://purl.obolibrary.org/obo/HP_0001101,hp.owl,hp_no_extra_no_roextra.owl,Iritis,o_not_o2,http://purl.obolibrary.org/obo/HP_0000554,Uveitis,
http://purl.obolibrary.org/obo/HP_0006208,hp.owl,hp_no_extra_no_roextra.owl,Metaphyseal cupping of proximal phalanges,o_not_o2,http://purl.obolibrary.org/obo/HP_0010184,Abnormality of toe proximal phalanx,
http://purl.obolibrary.org/obo/HP_0008820,hp.owl,hp_no_extra_no_roextra.owl,Absent ossification of capital femoral epiphysis,o_not_o2,http://purl.obolibrary.org/obo/HP_0012791,Abnormal humeral ossification,
http://purl.obolibrary.org/obo/HP_0000230,hp.owl,hp_no_extra_no_roextra.owl,Gingivitis,o_not_o2,http://purl.obolibrary.org/obo/HP_0010280,Stomatitis,
http://purl.obolibrary.org/obo/HP_0010134,hp.owl,hp_no_extra_no_roextra.owl,Pseudoepiphysis of the proximal phalanx of the hallux,o_not_o2,http://purl.obolibrary.org/obo/HP_0010052,Abnormality of the proximal phalanx of the hallux,
http://purl.obolibrary.org/obo/HP_0004253,hp.owl,hp_no_extra_no_roextra.owl,Absent trapezium,o_not_o2,http://purl.obolibrary.org/obo/HP_0005927,Aplasia/hypoplasia involving bones of the hand,
http://purl.obolibrary.org/obo/HP_0002346,hp.owl,hp_no_extra_no_roextra.owl,Head tremor,o_not_o2,http://purl.obolibrary.org/obo/HP_0000234,Abnormality of the head,
http://purl.obolibrary.org/obo/HP_0031801,hp.owl,hp_no_extra_no_roextra.owl,Vocal cord dysfunction,o_not_o2,http://purl.obolibrary.org/obo/HP_0025424,Abnormal larynx physiology,
http://purl.obolibrary.org/obo/HP_0004188,hp.owl,hp_no_extra_no_roextra.owl,Abnormal 4th finger morphology,o_not_o2,http://purl.obolibrary.org/obo/HP_0005922,Abnormal hand morphology,
http://purl.obolibrary.org/obo/HP_0100107,hp.owl,hp_no_extra_no_roextra.owl,Pseudoepiphysis of the distal phalanx of the 2nd toe,o_not_o2,http://purl.obolibrary.org/obo/HP_0010356,Abnormality of the distal phalanx of the 2nd toe,
http://purl.obolibrary.org/obo/HP_0031815,hp.owl,hp_no_extra_no_roextra.owl,Abnormal oral physiology,o_not_o2,http://purl.obolibrary.org/obo/HP_0025032,Abnormality of digestive system physiology,
http://purl.obolibrary.org/obo/HP_0003319,hp.owl,hp_no_extra_no_roextra.owl,Abnormality of the cervical spine,o_not_o2,http://purl.obolibrary.org/obo/HP_0000464,Abnormality of the neck,
http://purl.obolibrary.org/obo/HP_0004626,hp.owl,hp_no_extra_no_roextra.owl,Lumbar scoliosis,o_not_o2,http://purl.obolibrary.org/obo/HP_0100712,Abnormality of the lumbar spine,
http://purl.obolibrary.org/obo/HP_0000301,hp.owl,hp_no_extra_no_roextra.owl,Abnormality of facial musculature,o_not_o2,http://purl.obolibrary.org/obo/HP_0040290,Abnormality of skeletal muscles,
http://purl.obolibrary.org/obo/HP_0000118,hp.owl,hp_no_extra_no_roextra.owl,Phenotypic abnormality,o_not_o2,http://purl.obolibrary.org/obo/UPHENO_0001001,Phenotype,
http://purl.obolibrary.org/obo/HP_0410167,hp.owl,hp_no_extra_no_roextra.owl,Abnormality of the chest musculature,o_not_o2,http://purl.obolibrary.org/obo/HP_0000765,Abnormality of the thorax,
http://purl.obolibrary.org/obo/HP_0005599,hp.owl,hp_no_extra_no_roextra.owl,Hypopigmentation of hair,o_not_o2,http://purl.obolibrary.org/obo/HP_0001010,Hypopigmentation of the skin,
http://purl.obolibrary.org/obo/HP_0008388,hp.owl,hp_no_extra_no_roextra.owl,Abnormal toenail morphology,o_not_o2,http://purl.obolibrary.org/obo/HP_0011121,Abnormality of skin morphology,
http://purl.obolibrary.org/obo/HP_0003367,hp.owl,hp_no_extra_no_roextra.owl,Abnormality of the femoral neck,o_not_o2,http://purl.obolibrary.org/obo/HP_0006489,Abnormality of the femoral metaphysis,
http://purl.obolibrary.org/obo/HP_0000197,hp.owl,hp_no_extra_no_roextra.owl,Abnormal parotid gland morphology,o_not_o2,http://purl.obolibrary.org/obo/HP_0004426,Abnormality of the cheek,
http://purl.obolibrary.org/obo/HP_0000375,hp.owl,hp_no_extra_no_roextra.owl,Abnormal cochlea morphology,o_not_o2,http://purl.obolibrary.org/obo/HP_0009911,Abnormal temporal bone morphology,
http://purl.obolibrary.org/obo/HP_0007452,hp.owl,hp_no_extra_no_roextra.owl,Midface capillary hemangioma,o_not_o2,http://purl.obolibrary.org/obo/HP_0000309,Abnormality of the midface,
http://purl.obolibrary.org/obo/HP_0000598,hp.owl,hp_no_extra_no_roextra.owl,Abnormality of the ear,o_not_o2,http://purl.obolibrary.org/obo/HP_0000234,Abnormality of the head,
http://purl.obolibrary.org/obo/HP_0011957,hp.owl,hp_no_extra_no_roextra.owl,Abnormality of the pectoral muscle,o_not_o2,http://purl.obolibrary.org/obo/HP_0040290,Abnormality of skeletal muscles,
http://purl.obolibrary.org/obo/HP_0009274,hp.owl,hp_no_extra_no_roextra.owl,Joint contracture of the 4th finger,o_not_o2,http://purl.obolibrary.org/obo/HP_0005262,Abnormality of the synovia,
http://purl.obolibrary.org/obo/HP_0009911,hp.owl,hp_no_extra_no_roextra.owl,Abnormal temporal bone morphology,o_not_o2,http://purl.obolibrary.org/obo/HP_0000271,Abnormality of the face,
http://purl.obolibrary.org/obo/HP_0410167,hp.owl,hp_no_extra_no_roextra.owl,Abnormality of the chest musculature,o_not_o2,http://purl.obolibrary.org/obo/HP_0009131,Abnormality of the musculature of the thorax,
http://purl.obolibrary.org/obo/HP_0001468,hp.owl,hp_no_extra_no_roextra.owl,Aplasia/Hypoplasia involving the musculature of the upper arm,o_not_o2,http://purl.obolibrary.org/obo/HP_0040290,Abnormality of skeletal muscles,
http://purl.obolibrary.org/obo/HP_0003737,hp.owl,hp_no_extra_no_roextra.owl,Mitochondrial myopathy,o_not_o2,http://purl.obolibrary.org/obo/HP_0012103,Abnormality of the mitochondrion,
http://purl.obolibrary.org/obo/HP_0012620,hp.owl,hp_no_extra_no_roextra.owl,Cloacal abnormality,o_not_o2,http://purl.obolibrary.org/obo/HP_0000079,Abnormality of the urinary system,
http://purl.obolibrary.org/obo/HP_0001436,hp.owl,hp_no_extra_no_roextra.owl,Abnormality of the foot musculature,o_not_o2,http://purl.obolibrary.org/obo/HP_0001760,Abnormality of the foot,
http://purl.obolibrary.org/obo/HP_0001469,hp.owl,hp_no_extra_no_roextra.owl,Abnormality of the musculature of the pelvis,o_not_o2,http://purl.obolibrary.org/obo/HP_0040290,Abnormality of skeletal muscles,
http://purl.obolibrary.org/obo/HP_0008467,hp.owl,hp_no_extra_no_roextra.owl,Thoracic hemivertebrae,o_not_o2,http://purl.obolibrary.org/obo/HP_0000765,Abnormality of the thorax,
http://purl.obolibrary.org/obo/HP_0030243,hp.owl,hp_no_extra_no_roextra.owl,Hepatic vein thrombosis,o_not_o2,http://purl.obolibrary.org/obo/HP_0006707,Abnormality of the hepatic vasculature,
http://purl.obolibrary.org/obo/HP_0025409,hp.owl,hp_no_extra_no_roextra.owl,Abnormal spleen physiology,o_not_o2,http://purl.obolibrary.org/obo/HP_0025032,Abnormality of digestive system physiology,
http://purl.obolibrary.org/obo/HP_0002583,hp.owl,hp_no_extra_no_roextra.owl,Colitis,o_not_o2,http://purl.obolibrary.org/obo/HP_0004387,Enterocolitis,
http://purl.obolibrary.org/obo/HP_0008829,hp.owl,hp_no_extra_no_roextra.owl,Delayed femoral head ossification,o_not_o2,http://purl.obolibrary.org/obo/HP_0008828,Delayed proximal femoral epiphyseal ossification,
http://purl.obolibrary.org/obo/HP_0100209,hp.owl,hp_no_extra_no_roextra.owl,Pseudoepiphysis of the distal phalanx of the 5th toe,o_not_o2,http://purl.obolibrary.org/obo/HP_0010392,Abnormality of the distal phalanx of the 5th toe,
http://purl.obolibrary.org/obo/HP_0008001,hp.owl,hp_no_extra_no_roextra.owl,Foveal hyperpigmentation,o_not_o2,http://purl.obolibrary.org/obo/HP_0011509,Macular hyperpigmentation,
http://purl.obolibrary.org/obo/HP_0002037,hp.owl,hp_no_extra_no_roextra.owl,Inflammation of the large intestine,o_not_o2,http://purl.obolibrary.org/obo/HP_0100282,Acute colitis,
http://purl.obolibrary.org/obo/HP_0031813,hp.owl,hp_no_extra_no_roextra.owl,Colonic eosinophilia,o_not_o2,http://purl.obolibrary.org/obo/HP_0100282,Acute colitis,
http://purl.obolibrary.org/obo/HP_0000479,hp.owl,hp_no_extra_no_roextra.owl,Abnormal retinal morphology,o_not_o2,http://purl.obolibrary.org/obo/HP_0012639,Abnormality of nervous system morphology,
http://purl.obolibrary.org/obo/HP_0005483,hp.owl,hp_no_extra_no_roextra.owl,Abnormal epiglottis morphology,o_not_o2,http://purl.obolibrary.org/obo/HP_0025033,Abnormality of digestive system morphology,
http://purl.obolibrary.org/obo/HP_0003995,hp.owl,hp_no_extra_no_roextra.owl,Abnormality of the radial head,o_not_o2,http://purl.obolibrary.org/obo/HP_0003999,Abnormality of radial epiphyses,
http://purl.obolibrary.org/obo/HP_0006366,hp.owl,hp_no_extra_no_roextra.owl,Adductor longus contractures,o_not_o2,http://purl.obolibrary.org/obo/HP_0001441,Abnormality of the musculature of the thigh,
http://purl.obolibrary.org/obo/HP_0100118,hp.owl,hp_no_extra_no_roextra.owl,Pseudoepiphysis of the middle phalanx of the 2nd toe,o_not_o2,http://purl.obolibrary.org/obo/HP_0010357,Abnormality of the middle phalanx of the 2nd toe,
http://purl.obolibrary.org/obo/HP_0007413,hp.owl,hp_no_extra_no_roextra.owl,Nevus flammeus of the forehead,o_not_o2,http://purl.obolibrary.org/obo/HP_0000290,Abnormality of the forehead,
http://purl.obolibrary.org/obo/HP_0012437,hp.owl,hp_no_extra_no_roextra.owl,Abnormal gallbladder morphology,o_not_o2,http://purl.obolibrary.org/obo/HP_0025033,Abnormality of digestive system morphology,
http://purl.obolibrary.org/obo/HP_0001427,hp.owl,hp_no_extra_no_roextra.owl,Mitochondrial inheritance,o_not_o2,http://purl.obolibrary.org/obo/HP_0012103,Abnormality of the mitochondrion,
http://purl.obolibrary.org/obo/HP_0003368,hp.owl,hp_no_extra_no_roextra.owl,Abnormality of the femoral head,o_not_o2,http://purl.obolibrary.org/obo/HP_0006499,Abnormality of femoral epiphysis,
http://purl.obolibrary.org/obo/HP_0410000,hp.owl,hp_no_extra_no_roextra.owl,Abnormality of vomer,o_not_o2,http://purl.obolibrary.org/obo/HP_0000153,Abnormality of the mouth,
http://purl.obolibrary.org/obo/HP_0002010,hp.owl,hp_no_extra_no_roextra.owl,Narrow maxilla,o_not_o2,http://purl.obolibrary.org/obo/HP_0031816,Abnormal oral morphology,
http://purl.obolibrary.org/obo/HP_0011728,hp.owl,hp_no_extra_no_roextra.owl,Elbow clonus,o_not_o2,http://purl.obolibrary.org/obo/HP_0009811,Abnormality of the elbow,
http://purl.obolibrary.org/obo/HP_0004030,hp.owl,hp_no_extra_no_roextra.owl,Patchy sclerosis of radial diaphysis,o_not_o2,http://purl.obolibrary.org/obo/HP_0040061,Osteosclerosis of the radius,
http://purl.obolibrary.org/obo/HP_0009937,hp.owl,hp_no_extra_no_roextra.owl,Facial hirsutism,o_not_o2,http://purl.obolibrary.org/obo/HP_0000271,Abnormality of the face,
http://purl.obolibrary.org/obo/HP_0004150,hp.owl,hp_no_extra_no_roextra.owl,Abnormal 3rd finger morphology,o_not_o2,http://purl.obolibrary.org/obo/HP_0005922,Abnormal hand morphology,
http://purl.obolibrary.org/obo/HP_0031813,hp.owl,hp_no_extra_no_roextra.owl,Colonic eosinophilia,o_not_o2,http://purl.obolibrary.org/obo/HP_0004387,Enterocolitis,
http://purl.obolibrary.org/obo/HP_0005109,hp.owl,hp_no_extra_no_roextra.owl,Abnormality of the Achilles tendon,o_not_o2,http://purl.obolibrary.org/obo/HP_0001437,Abnormality of the musculature of the lower limbs,
http://purl.obolibrary.org/obo/HP_0025040,hp.owl,hp_no_extra_no_roextra.owl,Thalamic edema,o_not_o2,http://purl.obolibrary.org/obo/HP_0000969,Edema,
http://purl.obolibrary.org/obo/HP_0012438,hp.owl,hp_no_extra_no_roextra.owl,Abnormal gallbladder physiology,o_not_o2,http://purl.obolibrary.org/obo/HP_0025032,Abnormality of digestive system physiology,
http://purl.obolibrary.org/obo/HP_0004277,hp.owl,hp_no_extra_no_roextra.owl,Fractured hand bones,o_not_o2,http://purl.obolibrary.org/obo/HP_0005922,Abnormal hand morphology,
http://purl.obolibrary.org/obo/HP_0011449,hp.owl,hp_no_extra_no_roextra.owl,Knee clonus,o_not_o2,http://purl.obolibrary.org/obo/HP_0005262,Abnormality of the synovia,
http://purl.obolibrary.org/obo/HP_0000944,hp.owl,hp_no_extra_no_roextra.owl,Abnormality of the metaphysis,o_not_o2,http://purl.obolibrary.org/obo/HP_0000940,Abnormal diaphysis morphology,
http://purl.obolibrary.org/obo/HP_0004782,hp.owl,hp_no_extra_no_roextra.owl,Hypotrichosis of the scalp,o_not_o2,http://purl.obolibrary.org/obo/HP_0001965,Abnormality of the scalp,
http://purl.obolibrary.org/obo/HP_0000610,hp.owl,hp_no_extra_no_roextra.owl,Abnormal choroid morphology,o_not_o2,http://purl.obolibrary.org/obo/HP_0025015,Abnormal vascular morphology,
http://purl.obolibrary.org/obo/HP_0100142,hp.owl,hp_no_extra_no_roextra.owl,Pseudoepiphysis of the distal phalanx of the 3rd toe,o_not_o2,http://purl.obolibrary.org/obo/HP_0010368,Abnormality of the distal phalanx of the 3rd toe,
http://purl.obolibrary.org/obo/HP_0005916,hp.owl,hp_no_extra_no_roextra.owl,Abnormal metacarpal morphology,o_not_o2,http://purl.obolibrary.org/obo/HP_0005922,Abnormal hand morphology,
http://purl.obolibrary.org/obo/HP_0008732,hp.owl,hp_no_extra_no_roextra.owl,Renal hypophosphatemia,o_not_o2,http://purl.obolibrary.org/obo/HP_0000077,Abnormality of the kidney,
http://purl.obolibrary.org/obo/HP_0030044,hp.owl,hp_no_extra_no_roextra.owl,Flexion contracture of digit,o_not_o2,http://purl.obolibrary.org/obo/HP_0011297,Abnormality of digit,
http://purl.obolibrary.org/obo/HP_0009734,hp.owl,hp_no_extra_no_roextra.owl,Optic nerve glioma,o_not_o2,http://purl.obolibrary.org/obo/HP_0000587,Abnormality of the optic nerve,
http://purl.obolibrary.org/obo/HP_0004233,hp.owl,hp_no_extra_no_roextra.owl,Advanced ossification of carpal bones,o_not_o2,http://purl.obolibrary.org/obo/HP_0004051,Advanced ossification of the hand bones,
http://purl.obolibrary.org/obo/HP_0006789,hp.owl,hp_no_extra_no_roextra.owl,Mitochondrial encephalopathy,o_not_o2,http://purl.obolibrary.org/obo/HP_0012103,Abnormality of the mitochondrion,
http://purl.obolibrary.org/obo/HP_0002037,hp.owl,hp_no_extra_no_roextra.owl,Inflammation of the large intestine,o_not_o2,http://purl.obolibrary.org/obo/HP_0002583,Colitis,
http://purl.obolibrary.org/obo/HP_0031813,hp.owl,hp_no_extra_no_roextra.owl,Colonic eosinophilia,o_not_o2,http://purl.obolibrary.org/obo/HP_0002583,Colitis,
http://purl.obolibrary.org/obo/HP_0006704,hp.owl,hp_no_extra_no_roextra.owl,Abnormal coronary artery morphology,o_not_o2,http://purl.obolibrary.org/obo/HP_0001627,Abnormal heart morphology,
http://purl.obolibrary.org/obo/HP_0430018,hp.owl,hp_no_extra_no_roextra.owl,Abnormality of nasal musculature,o_not_o2,http://purl.obolibrary.org/obo/HP_0000366,Abnormality of the nose,
http://purl.obolibrary.org/obo/HP_0004991,hp.owl,hp_no_extra_no_roextra.owl,Rhizomelic arm shortening,o_not_o2,http://purl.obolibrary.org/obo/HP_0001454,Abnormality of the upper arm,
http://purl.obolibrary.org/obo/HP_0025004,hp.owl,hp_no_extra_no_roextra.owl,Hallux rigidus,o_not_o2,http://purl.obolibrary.org/obo/HP_0100491,Abnormality of lower limb joint,
http://purl.obolibrary.org/obo/HP_0100129,hp.owl,hp_no_extra_no_roextra.owl,Pseudoepiphysis of the proximal phalanx of the 2nd toe,o_not_o2,http://purl.obolibrary.org/obo/HP_0010358,Abnormality of the proximal phalanx of the 2nd toe,
http://purl.obolibrary.org/obo/HP_0003019,hp.owl,hp_no_extra_no_roextra.owl,Abnormality of the wrist,o_not_o2,http://purl.obolibrary.org/obo/HP_0001155,Abnormality of the hand,
http://purl.obolibrary.org/obo/HP_0010755,hp.owl,hp_no_extra_no_roextra.owl,Asymmetry of the maxilla,o_not_o2,http://purl.obolibrary.org/obo/HP_0000267,Cranial asymmetry,
http://purl.obolibrary.org/obo/HP_0009539,hp.owl,hp_no_extra_no_roextra.owl,Contracture of the metacarpophalangeal joint of the 2nd finger,o_not_o2,http://purl.obolibrary.org/obo/HP_0011911,Abnormality of metacarpophalangeal joint,
http://purl.obolibrary.org/obo/HP_0010345,hp.owl,hp_no_extra_no_roextra.owl,Flexion contracture of the 5th toe,o_not_o2,http://purl.obolibrary.org/obo/HP_0005262,Abnormality of the synovia,
http://purl.obolibrary.org/obo/HP_0040286,hp.owl,hp_no_extra_no_roextra.owl,Abnormality of axial muscles,o_not_o2,http://purl.obolibrary.org/obo/HP_0040290,Abnormality of skeletal muscles,
http://purl.obolibrary.org/obo/HP_0008124,hp.owl,hp_no_extra_no_roextra.owl,Talipes calcaneovarus,o_not_o2,http://purl.obolibrary.org/obo/HP_0008364,Abnormality of the calcaneus,
http://purl.obolibrary.org/obo/HP_0000277,hp.owl,hp_no_extra_no_roextra.owl,Abnormality of the mandible,o_not_o2,http://purl.obolibrary.org/obo/HP_0000153,Abnormality of the mouth,
http://purl.obolibrary.org/obo/HP_0010339,hp.owl,hp_no_extra_no_roextra.owl,Flexion contracture of the 4th toe,o_not_o2,http://purl.obolibrary.org/obo/HP_0005262,Abnormality of the synovia,
http://purl.obolibrary.org/obo/HP_0002583,hp.owl,hp_no_extra_no_roextra.owl,Colitis,o_not_o2,http://purl.obolibrary.org/obo/HP_0100282,Acute colitis,
http://purl.obolibrary.org/obo/HP_0002938,hp.owl,hp_no_extra_no_roextra.owl,Lumbar hyperlordosis,o_not_o2,http://purl.obolibrary.org/obo/HP_0100712,Abnormality of the lumbar spine,
http://purl.obolibrary.org/obo/HP_0025163,hp.owl,hp_no_extra_no_roextra.owl,Abnormality of optic chiasm morphology,o_not_o2,http://purl.obolibrary.org/obo/HP_0012443,Abnormality of brain morphology,
http://purl.obolibrary.org/obo/HP_0100220,hp.owl,hp_no_extra_no_roextra.owl,Pseudoepiphysis of the middle phalanx of the 5th toe,o_not_o2,http://purl.obolibrary.org/obo/HP_0010393,Abnormality of the middle phalanx of the 5th toe,
http://purl.obolibrary.org/obo/HP_0004031,hp.owl,hp_no_extra_no_roextra.owl,Broad radial diaphysis,o_not_o2,http://purl.obolibrary.org/obo/HP_0003971,Broad forearm bones,
http://purl.obolibrary.org/obo/HP_0000153,hp.owl,hp_no_extra_no_roextra.owl,Abnormality of the mouth,o_not_o2,http://purl.obolibrary.org/obo/HP_0025031,Abnormality of the digestive system,
http://purl.obolibrary.org/obo/HP_0000889,hp.owl,hp_no_extra_no_roextra.owl,Abnormality of the clavicle,o_not_o2,http://purl.obolibrary.org/obo/HP_0001435,Abnormality of the shoulder girdle musculature,
http://purl.obolibrary.org/obo/HP_0010212,hp.owl,hp_no_extra_no_roextra.owl,Flexion contracture of the hallux,o_not_o2,http://purl.obolibrary.org/obo/HP_0005262,Abnormality of the synovia,
http://purl.obolibrary.org/obo/HP_0010333,hp.owl,hp_no_extra_no_roextra.owl,Flexion contracture of 3rd toe,o_not_o2,http://purl.obolibrary.org/obo/HP_0005262,Abnormality of the synovia,
http://purl.obolibrary.org/obo/HP_0100153,hp.owl,hp_no_extra_no_roextra.owl,Pseudoepiphysis of the middle phalanx of the 3rd toe,o_not_o2,http://purl.obolibrary.org/obo/HP_0010369,Abnormality of the middle phalanx of the 3rd toe,
http://purl.obolibrary.org/obo/HP_0430013,hp.owl,hp_no_extra_no_roextra.owl,Absent palatine bone ossification,o_not_o2,http://purl.obolibrary.org/obo/HP_0002703,Abnormality of skull ossification,
http://purl.obolibrary.org/obo/HP_0009470,hp.owl,hp_no_extra_no_roextra.owl,Contracture of the metacarpophalangeal joint of the 3rd finger,o_not_o2,http://purl.obolibrary.org/obo/HP_0011911,Abnormality of metacarpophalangeal joint,
http://purl.obolibrary.org/obo/HP_0008388,hp.owl,hp_no_extra_no_roextra.owl,Abnormal toenail morphology,o_not_o2,http://purl.obolibrary.org/obo/HP_0001760,Abnormality of the foot,
http://purl.obolibrary.org/obo/HP_0007616,hp.owl,hp_no_extra_no_roextra.owl,Nevus flammeus nuchae,o_not_o2,http://purl.obolibrary.org/obo/HP_0000464,Abnormality of the neck,
http://purl.obolibrary.org/obo/HP_0010327,hp.owl,hp_no_extra_no_roextra.owl,Flexion contracture of the 2nd toe,o_not_o2,http://purl.obolibrary.org/obo/HP_0005262,Abnormality of the synovia,
http://purl.obolibrary.org/obo/HP_0000407,hp.owl,hp_no_extra_no_roextra.owl,Sensorineural hearing impairment,o_not_o2,http://purl.obolibrary.org/obo/HP_0045010,Abnormality of peripheral nerves,
http://purl.obolibrary.org/obo/HP_0010746,hp.owl,hp_no_extra_no_roextra.owl,Hypoplasia of the phalanges of the toes,o_not_o2,http://purl.obolibrary.org/obo/HP_0009816,Lower limb undergrowth,
http://purl.obolibrary.org/obo/HP_0000600,hp.owl,hp_no_extra_no_roextra.owl,Abnormality of the pharynx,o_not_o2,http://purl.obolibrary.org/obo/HP_0025031,Abnormality of the digestive system,
http://purl.obolibrary.org/obo/HP_0100857,hp.owl,hp_no_extra_no_roextra.owl,Flat sella turcica,o_not_o2,http://purl.obolibrary.org/obo/HP_0002648,Abnormality of calvarial morphology,
http://purl.obolibrary.org/obo/HP_0004420,hp.owl,hp_no_extra_no_roextra.owl,Arterial thrombosis,o_not_o2,http://purl.obolibrary.org/obo/HP_0002597,Abnormality of the vasculature,
http://purl.obolibrary.org/obo/HP_0000164,hp.owl,hp_no_extra_no_roextra.owl,Abnormality of the dentition,o_not_o2,http://purl.obolibrary.org/obo/HP_0000924,Abnormality of the skeletal system,
http://purl.obolibrary.org/obo/HP_0004284,hp.owl,hp_no_extra_no_roextra.owl,Notched hand bones,o_not_o2,http://purl.obolibrary.org/obo/HP_0011844,Abnormal appendicular skeleton morphology,
http://purl.obolibrary.org/obo/HP_0012801,hp.owl,hp_no_extra_no_roextra.owl,Narrow jaw,o_not_o2,http://purl.obolibrary.org/obo/HP_0031816,Abnormal oral morphology,
http://purl.obolibrary.org/obo/HP_0012802,hp.owl,hp_no_extra_no_roextra.owl,Broad jaw,o_not_o2,http://purl.obolibrary.org/obo/HP_0031816,Abnormal oral morphology,
http://purl.obolibrary.org/obo/HP_0100231,hp.owl,hp_no_extra_no_roextra.owl,Pseudoepiphysis of the proximal phalanx of the 5th toe,o_not_o2,http://purl.obolibrary.org/obo/HP_0010394,Abnormality of the proximal phalanx of the 5th toe,
http://purl.obolibrary.org/obo/HP_0011449,hp.owl,hp_no_extra_no_roextra.owl,Knee clonus,o_not_o2,http://purl.obolibrary.org/obo/HP_0002815,Abnormality of the knee,
http://purl.obolibrary.org/obo/HP_0002378,hp.owl,hp_no_extra_no_roextra.owl,Hand tremor,o_not_o2,http://purl.obolibrary.org/obo/HP_0001155,Abnormality of the hand,
http://purl.obolibrary.org/obo/HP_0003893,hp.owl,hp_no_extra_no_roextra.owl,Advanced ossification of the humeral epiphysis,o_not_o2,http://purl.obolibrary.org/obo/HP_0012791,Abnormal humeral ossification,
http://purl.obolibrary.org/obo/HP_0003894,hp.owl,hp_no_extra_no_roextra.owl,Delayed humeral epiphyseal ossification,o_not_o2,http://purl.obolibrary.org/obo/HP_0012791,Abnormal humeral ossification,
http://purl.obolibrary.org/obo/HP_0004277,hp.owl,hp_no_extra_no_roextra.owl,Fractured hand bones,o_not_o2,http://purl.obolibrary.org/obo/HP_0011844,Abnormal appendicular skeleton morphology,
http://purl.obolibrary.org/obo/HP_0025441,hp.owl,hp_no_extra_no_roextra.owl,Achilles tendon calcification,o_not_o2,http://purl.obolibrary.org/obo/HP_0011805,Abnormal muscle morphology,
http://purl.obolibrary.org/obo/HP_0005263,hp.owl,hp_no_extra_no_roextra.owl,Gastritis,o_not_o2,http://purl.obolibrary.org/obo/HP_0004386,Gastrointestinal inflammation,
http://purl.obolibrary.org/obo/HP_0100281,hp.owl,hp_no_extra_no_roextra.owl,Chronic colitis,o_not_o2,http://purl.obolibrary.org/obo/HP_0100282,Acute colitis,
http://purl.obolibrary.org/obo/HP_0004032,hp.owl,hp_no_extra_no_roextra.owl,Abnormality of the olecranon,o_not_o2,http://purl.obolibrary.org/obo/HP_0004037,Abnormality of the ulnar epiphyses,
http://purl.obolibrary.org/obo/HP_0011772,hp.owl,hp_no_extra_no_roextra.owl,Abnormality of thyroid morphology,o_not_o2,http://purl.obolibrary.org/obo/HP_0031071,Abnormal endocrine morphology,
http://purl.obolibrary.org/obo/HP_0006817,hp.owl,hp_no_extra_no_roextra.owl,Aplasia/Hypoplasia of the cerebellar vermis,o_not_o2,http://purl.obolibrary.org/obo/HP_0002977,Aplasia/Hypoplasia involving the central nervous system,
http://purl.obolibrary.org/obo/HP_0004100,hp.owl,hp_no_extra_no_roextra.owl,Abnormal 2nd finger morphology,o_not_o2,http://purl.obolibrary.org/obo/HP_0005922,Abnormal hand morphology,
http://purl.obolibrary.org/obo/HP_0011767,hp.owl,hp_no_extra_no_roextra.owl,Abnormality of the parathyroid physiology,o_not_o2,http://purl.obolibrary.org/obo/HP_0031072,Abnormal endocrine physiology,
http://purl.obolibrary.org/obo/HP_0000499,hp.owl,hp_no_extra_no_roextra.owl,Abnormal eyelash morphology,o_not_o2,http://purl.obolibrary.org/obo/HP_0011121,Abnormality of skin morphology,
http://purl.obolibrary.org/obo/HP_0000362,hp.owl,hp_no_extra_no_roextra.owl,Otosclerosis,o_not_o2,http://purl.obolibrary.org/obo/HP_0005746,Osteosclerosis of the base of the skull,
http://purl.obolibrary.org/obo/HP_0003028,hp.owl,hp_no_extra_no_roextra.owl,Abnormality of the ankles,o_not_o2,http://purl.obolibrary.org/obo/HP_0001760,Abnormality of the foot,
http://purl.obolibrary.org/obo/HP_0005305,hp.owl,hp_no_extra_no_roextra.owl,Cerebral venous thrombosis,o_not_o2,http://purl.obolibrary.org/obo/HP_0012480,Abnormality of cerebral veins,
http://www.w3.org/2002/07/owl#Nothing,hp.owl,hp_no_extra_no_roextra.owl,Nothing,unsat_both,http://www.w3.org/2002/07/owl#Nothing,Nothing,
http://purl.obolibrary.org/obo/HP_0006366,hp.owl,hp_no_extra_no_roextra.owl,Adductor longus contractures,o_not_o2,http://purl.obolibrary.org/obo/HP_0040290,Abnormality of skeletal muscles,
http://purl.obolibrary.org/obo/HP_0009319,hp.owl,hp_no_extra_no_roextra.owl,Joint contracture of the 3rd finger,o_not_o2,http://purl.obolibrary.org/obo/HP_0005262,Abnormality of the synovia,
http://purl.obolibrary.org/obo/HP_0005483,hp.owl,hp_no_extra_no_roextra.owl,Abnormal epiglottis morphology,o_not_o2,http://purl.obolibrary.org/obo/HP_0000600,Abnormality of the pharynx,
http://purl.obolibrary.org/obo/HP_0003996,hp.owl,hp_no_extra_no_roextra.owl,Flattened radial head,o_not_o2,http://purl.obolibrary.org/obo/HP_0045008,Abnormal shape of the radius,
http://purl.obolibrary.org/obo/HP_0025408,hp.owl,hp_no_extra_no_roextra.owl,Abnormal spleen morphology,o_not_o2,http://purl.obolibrary.org/obo/HP_0025033,Abnormality of digestive system morphology,
http://purl.obolibrary.org/obo/HP_0001836,hp.owl,hp_no_extra_no_roextra.owl,Camptodactyly of toe,o_not_o2,http://purl.obolibrary.org/obo/HP_0005262,Abnormality of the synovia,
http://purl.obolibrary.org/obo/HP_0011110,hp.owl,hp_no_extra_no_roextra.owl,Tonsillitis,o_not_o2,http://purl.obolibrary.org/obo/HP_0025439,Pharyngitis,
